unix_time,elapsed_s,policy,skill_cmd,q_00_rad,q_01_rad,q_02_rad,q_03_rad,q_04_rad,q_05_rad,q_06_rad,q_07_rad,q_08_rad,q_09_rad,q_10_rad,q_11_rad,q_12_rad,q_13_rad,q_14_rad,q_15_rad,q_16_rad,q_17_rad,q_18_rad,q_19_rad,q_20_rad,q_21_rad,q_22_rad,q_23_rad,q_24_rad,q_25_rad,q_26_rad,q_27_rad,q_28_rad
1777019107.0444896,3.314018249511719e-05,SKILL_BEYOND_MIMIC,SKILL_5,-0.27141061425209045,0.03003704734146595,0.01980661414563656,0.46973899006843567,-0.2869061827659607,0.012074693106114864,-0.2479151487350464,-0.052913814783096313,0.01345885545015335,0.47326716780662537,-0.2574392557144165,-0.009512103162705898,-0.010218016803264618,-0.0073905144818127155,-0.02811051905155182,0.3639249801635742,0.19326959550380707,-0.006495450157672167,0.8816914558410645,-0.00035952674807049334,-0.004817658569663763,-0.012607404962182045,0.34457045793533325,-0.19108846783638,0.009407617151737213,0.8286372423171997,-0.02166747860610485,0.02316550724208355,-0.006771087180823088
1777019107.0544772,0.010020732879638672,SKILL_BEYOND_MIMIC,INVALID,-0.27141913771629333,0.030011482536792755,0.01980661414563656,0.46974751353263855,-0.2869061529636383,0.012089163064956665,-0.24789810180664062,-0.052913814783096313,0.013485639356076717,0.47326716780662537,-0.2574392557144165,-0.009512103162705898,-0.010191232897341251,-0.00736770685762167,-0.028076084330677986,0.3639609217643738,0.19324563443660736,-0.006507434416562319,0.8816914558410645,-0.00033555831760168076,-0.004829642828553915,-0.012619389221072197,0.34457045793533325,-0.19107648730278015,0.00938364863395691,0.82861328125,-0.02166747860610485,0.023189475759863853,-0.006759102921932936
1777019107.074925,0.030468463897705078,SKILL_BEYOND_MIMIC,INVALID,-0.2714276611804962,0.030011482536792755,0.019793221727013588,0.4697219431400299,-0.28691449761390686,0.012074649333953857,-0.2479066252708435,-0.05290529131889343,0.01345885545015335,0.47326716780662537,-0.25744763016700745,-0.009512071497738361,-0.01017784047871828,-0.007337318733334541,-0.028066158294677734,0.36397290229797363,0.19326959550380707,-0.006519418675452471,0.8817154169082642,-0.00033555831760168076,-0.004817658569663763,-0.012619389221072197,0.34457045793533325,-0.19108846783638,0.009407617151737213,0.8286372423171997,-0.021679462864995003,0.023201460018754005,-0.006759102921932936
1777019107.0949705,0.05051398277282715,SKILL_BEYOND_MIMIC,INVALID,-0.2492786943912506,0.023449452593922615,0.002089135814458132,0.4280488193035126,-0.20752768218517303,-0.09877946227788925,-0.21872690320014954,-0.03952557221055031,-0.01379365287721157,0.44305625557899475,-0.23532086610794067,0.02782716043293476,-0.021761830896139145,0.03357861191034317,-0.03955956920981407,0.332897812128067,0.19094465672969818,-0.033244241029024124,0.9526260495185852,-0.08855143934488297,-0.04098604992032051,-0.02497512474656105,0.3207937479019165,-0.20967599749565125,0.02359693869948387,0.8817034363746643,-0.022038990631699562,-0.043287020176649094,0.0532459132373333
1777019107.11496,0.07050347328186035,SKILL_BEYOND_MIMIC,INVALID,-0.21240349113941193,0.03748537600040436,-0.03566261753439903,0.3718539774417877,-0.12628820538520813,-0.08719512820243835,-0.1609213948249817,-0.039619315415620804,-0.03139060363173485,0.37862905859947205,-0.22404150664806366,0.036646392196416855,-0.03626525402069092,0.06769441813230515,-0.02713482640683651,0.2823962867259979,0.17281252145767212,-0.08471649140119553,1.0637317895889282,-0.19005782902240753,-0.05426457151770592,-0.049051433801651,0.28486502170562744,-0.24337564408779144,0.04519251361489296,0.9714892506599426,-0.030883347615599632,-0.1188715323805809,0.13181449472904205
1777019107.1350596,0.09060311317443848,SKILL_BEYOND_MIMIC,INVALID,-0.16214005649089813,0.04002496600151062,-0.025940101593732834,0.31874415278434753,-0.1221623420715332,-0.0843622013926506,-0.10805872082710266,-0.0460876002907753,-0.04352366179227829,0.3244539797306061,-0.20951980352401733,0.027232687920331955,-0.04249248653650284,0.07785626500844955,-0.01007087528705597,0.24160197377204895,0.16237427294254303,-0.12817129492759705,1.1306397914886475,-0.2471267133951187,-0.05775197967886925,-0.0755365714430809,0.23930101096630096,-0.26326945424079895,0.04894357547163963,1.055091142654419,-0.030715569853782654,-0.1730881631374359,0.1911124438047409
1777019107.1556594,0.11120295524597168,SKILL_BEYOND_MIMIC,INVALID,-0.10941373556852341,0.03679508715867996,-0.003589028026908636,0.2629072666168213,-0.12291914969682693,-0.08316457271575928,-0.06623217463493347,-0.05849580094218254,-0.04334956780076027,0.2785879671573639,-0.18903538584709167,0.01343097910284996,-0.04802333936095238,0.07512655854225159,0.010046769864857197,0.20872925221920013,0.15454857051372528,-0.15453658998012543,1.155039668083191,-0.28067055344581604,-0.06901714950799942,-0.10480204969644547,0.19054917991161346,-0.2801072895526886,0.05914214998483658,1.1165941953659058,-0.028270786628127098,-0.21587185561656952,0.24155403673648834
1777019107.1758997,0.13144326210021973,SKILL_BEYOND_MIMIC,INVALID,-0.07657802850008011,0.03076142817735672,0.014034707099199295,0.22068870067596436,-0.1243850439786911,-0.08048178255558014,-0.04335882142186165,-0.06909731030464172,-0.04490302503108978,0.24659593403339386,-0.16658376157283783,0.01334485225379467,-0.0533800944685936,0.07499555498361588,0.025075815618038177,0.17607223987579346,0.15110909938812256,-0.1661013662815094,1.158311367034912,-0.2972087860107422,-0.08143281191587448,-0.12213123589754105,0.1447334885597229,-0.2936614453792572,0.07252853363752365,1.1608879566192627,-0.019726034253835678,-0.25011077523231506,0.2758888602256775
1777019107.1959887,0.15153217315673828,SKILL_BEYOND_MIMIC,INVALID,-0.057710062712430954,0.027463369071483612,0.028980061411857605,0.19487521052360535,-0.12503919005393982,-0.07914900779724121,-0.033115237951278687,-0.07812222838401794,-0.05157218873500824,0.22633886337280273,-0.14731837809085846,0.018824264407157898,-0.06031709909439087,0.07175087928771973,0.037213634699583054,0.13701564073562622,0.15041400492191315,-0.1714463233947754,1.171637773513794,-0.29948580265045166,-0.08660999685525894,-0.12582238018512726,0.10553308576345444,-0.30386003851890564,0.08798818290233612,1.1949950456619263,-0.004254399798810482,-0.2799515128135681,0.3005284070968628
1777019107.216471,0.17201447486877441,SKILL_BEYOND_MIMIC,INVALID,-0.04914533719420433,0.026321405544877052,0.04345669969916344,0.17919452488422394,-0.12505094707012177,-0.07871618121862411,-0.02784004807472229,-0.08638016134500504,-0.0662631019949913,0.210854172706604,-0.13486267626285553,0.019938785582780838,-0.07125827670097351,0.0676012858748436,0.041872456669807434,0.10147043317556381,0.15811987221240997,-0.1726926863193512,1.1922866106033325,-0.2994977831840515,-0.08898287266492844,-0.13339641690254211,0.06785468012094498,-0.30750322341918945,0.10522149503231049,1.225422978401184,0.008341020904481411,-0.300768107175827,0.3126324713230133
1777019107.23628,0.19182348251342773,SKILL_BEYOND_MIMIC,INVALID,-0.04422807693481445,0.02931266836822033,0.05114364996552467,0.1672465205192566,-0.12368884682655334,-0.0798366591334343,-0.023493768647313118,-0.09261835366487503,-0.08202536404132843,0.20587725937366486,-0.1283891797065735,0.020776711404323578,-0.07779352366924286,0.0630216971039772,0.04495643451809883,0.07571633160114288,0.17060743272304535,-0.17208148539066315,1.1972241401672363,-0.29837125539779663,-0.09369267523288727,-0.15151655673980713,0.037522610276937485,-0.3064126670360565,0.11899137496948242,1.2497270107269287,0.01593901962041855,-0.3115299344062805,0.32322654128074646
1777019107.2563965,0.21194005012512207,SKILL_BEYOND_MIMIC,INVALID,-0.04235321283340454,0.03088073804974556,0.0539291650056839,0.16144295036792755,-0.11874944716691971,-0.08210008591413498,-0.01917305588722229,-0.09358134865760803,-0.09228355437517166,0.20280930399894714,-0.118385449051857,0.02151341550052166,-0.07890504598617554,0.057673268020153046,0.04757408797740936,0.05078914761543274,0.18305903673171997,-0.17256085574626923,1.1957260370254517,-0.3003246784210205,-0.0978272333741188,-0.17058345675468445,0.01390170119702816,-0.30413568019866943,0.12747620046138763,1.2638084888458252,0.02912166714668274,-0.31347137689590454,0.32689371705055237
1777019107.2766163,0.23215985298156738,SKILL_BEYOND_MIMIC,INVALID,-0.040861841291189194,0.032960131764411926,0.05323278531432152,0.15915051102638245,-0.11297747492790222,-0.08792618662118912,-0.013028610497713089,-0.09218372404575348,-0.09946160763502121,0.19969020783901215,-0.1161094382405281,0.021340569481253624,-0.07794082909822464,0.052947502583265305,0.05027676746249199,0.02912166714668274,0.19010576605796814,-0.1723211705684662,1.1945157051086426,-0.30513036251068115,-0.10295648127794266,-0.18651050329208374,-0.005428853910416365,-0.3025417625904083,0.13882526755332947,1.2759604454040527,0.0442337766289711,-0.3128841519355774,0.32742100954055786
1777019107.2961712,0.25171470642089844,SKILL_BEYOND_MIMIC,INVALID,-0.0352201983332634,0.034102097153663635,0.050996337085962296,0.15522180497646332,-0.11159566044807434,-0.0864100307226181,-0.004651371389627457,-0.09093096852302551,-0.10351935029029846,0.19341793656349182,-0.11604186147451401,0.021451788023114204,-0.07180734723806381,0.047030311077833176,0.053470730781555176,0.015231950208544731,0.1923348307609558,-0.16968464851379395,1.1912559270858765,-0.3082462549209595,-0.11184877157211304,-0.2004002183675766,-0.022290658205747604,-0.3013073801994324,0.14552444219589233,1.2821084260940552,0.05577458441257477,-0.31234484910964966,0.32757681608200073
1777019107.3162737,0.2718172073364258,SKILL_BEYOND_MIMIC,INVALID,-0.02899053320288658,0.034102097153663635,0.04969732463359833,0.15253734588623047,-0.10927964001893997,-0.0828021839261055,-0.0012084366753697395,-0.09073496609926224,-0.10659948736429214,0.1918669044971466,-0.11607564985752106,0.021396178752183914,-0.06756211072206497,0.04231848940253258,0.0548529252409935,0.0003475425182841718,0.19225093722343445,-0.16981646418571472,1.1818363666534424,-0.3114100992679596,-0.11869176477193832,-0.21224063634872437,-0.03783419728279114,-0.30116358399391174,0.15567508339881897,1.282431960105896,0.06823817640542984,-0.3114340603351593,0.32754087448120117
1777019107.3362465,0.2917900085449219,SKILL_BEYOND_MIMIC,INVALID,-0.02628049999475479,0.03447706997394562,0.04721982404589653,0.15305718779563904,-0.10697156190872192,-0.07926624268293381,0.0022515421733260155,-0.0898827537894249,-0.10888950526714325,0.19047780334949493,-0.11637549847364426,0.02090265415608883,-0.06584794819355011,0.03870796412229538,0.05617104470729828,-0.005716475658118725,0.18974623084068298,-0.1703677475452423,1.1759281158447266,-0.3129560649394989,-0.12201140075922012,-0.21931132674217224,-0.05603823810815811,-0.3011516034603119,0.16344086825847626,1.2825398445129395,0.0701436698436737,-0.30967238545417786,0.3275168836116791
1777019107.356295,0.31183862686157227,SKILL_BEYOND_MIMIC,INVALID,-0.025811783969402313,0.03917275369167328,0.04586724191904068,0.15654273331165314,-0.10434729605913162,-0.0752880722284317,0.005089406855404377,-0.08967822045087814,-0.11243835836648941,0.1882023960351944,-0.11667550355195999,0.02042306400835514,-0.06543280184268951,0.03569381684064865,0.056163206696510315,-0.008556736633181572,0.18540795147418976,-0.17137442529201508,1.1732556819915771,-0.3138309121131897,-0.12413260340690613,-0.2212168127298355,-0.07749000191688538,-0.30036064982414246,0.17109878361225128,1.286314845085144,0.06833405047655106,-0.30755117535591125,0.3275648355484009
1777019107.3763454,0.33188891410827637,SKILL_BEYOND_MIMIC,INVALID,-0.025053314864635468,0.0411328449845314,0.04802333936095238,0.1602242887020111,-0.09979436546564102,-0.07287873327732086,0.008285199292004108,-0.08985718339681625,-0.11747370660305023,0.18451231718063354,-0.11636267602443695,0.020909547805786133,-0.06765585392713547,0.03419209644198418,0.05594928562641144,-0.008772453293204308,0.18047045171260834,-0.17311213910579681,1.1728003025054932,-0.3140825629234314,-0.12449213117361069,-0.22281071543693542,-0.09686849266290665,-0.2984791100025177,0.18393388390541077,1.291779637336731,0.07028748095035553,-0.3060171902179718,0.32772061228752136
1777019107.3966908,0.3522343635559082,SKILL_BEYOND_MIMIC,INVALID,-0.02446528896689415,0.044925183057785034,0.049295566976070404,0.1599004566669464,-0.08982201665639877,-0.07639684528112411,0.011574736796319485,-0.08973787724971771,-0.12513387203216553,0.1802257001399994,-0.11491706222295761,0.023188184946775436,-0.06780316680669785,0.03446841612458229,0.056003909558057785,-0.008281099610030651,0.17517341673374176,-0.17316007614135742,1.1733994483947754,-0.31416645646095276,-0.12391688674688339,-0.22372151911258698,-0.11007510870695114,-0.2982514202594757,0.19476762413978577,1.2887237071990967,0.0821518674492836,-0.30430343747138977,0.32769665122032166
1777019107.4168572,0.37240076065063477,SKILL_BEYOND_MIMIC,INVALID,-0.022334761917591095,0.04910954087972641,0.04972410947084427,0.15567348897457123,-0.07029858231544495,-0.07352392375469208,0.011881533078849316,-0.08678922057151794,-0.12694178521633148,0.1788025051355362,-0.11325788497924805,0.025749655440449715,-0.06586134433746338,0.03596906363964081,0.05547638237476349,-0.00794554129242897,0.17037972807884216,-0.1726207733154297,1.1739027500152588,-0.3140586018562317,-0.12287425994873047,-0.2241889089345932,-0.11655857414007187,-0.298083633184433,0.2036719024181366,1.2825757265090942,0.10126670449972153,-0.30390796065330505,0.3273131549358368
1777019107.4368587,0.39240217208862305,SKILL_BEYOND_MIMIC,INVALID,-0.020664427429437637,0.05047307908535004,0.049322351813316345,0.1520260125398636,-0.04997187852859497,-0.07240217179059982,0.011932664550840855,-0.08222988992929459,-0.12818722426891327,0.1773366928100586,-0.11090613156557083,0.029530368745326996,-0.0617232471704483,0.03605092316865921,0.05552581697702408,-0.007466172333806753,0.16659271717071533,-0.1720455437898636,1.1739027500152588,-0.31391480565071106,-0.12215520441532135,-0.2244165986776352,-0.11866779625415802,-0.2972087860107422,0.20813004672527313,1.2763320207595825,0.11957859992980957,-0.3031769394874573,0.32682180404663086
1777019107.4570475,0.41259098052978516,SKILL_BEYOND_MIMIC,INVALID,-0.020519550889730453,0.05169174075126648,0.04902772977948189,0.1522901952266693,-0.037720438092947006,-0.06260671466588974,0.012537735514342785,-0.07835233211517334,-0.12437053769826889,0.1760924756526947,-0.10890759527683258,0.03268121927976608,-0.057196784764528275,0.034442633390426636,0.05639131739735603,-0.0068549769930541515,0.16436365246772766,-0.1717699021100998,1.1734833717346191,-0.31347137689590454,-0.12197544425725937,-0.2241169959306717,-0.11878763884305954,-0.2950156629085541,0.20688368380069733,1.2739111185073853,0.13494238257408142,-0.30163097381591797,0.32534775137901306
1777019107.4771452,0.43268871307373047,SKILL_BEYOND_MIMIC,INVALID,-0.02031501941382885,0.053234249353408813,0.04873310774564743,0.15306571125984192,-0.029891042038798332,-0.05408293008804321,0.01274226512759924,-0.07675869017839432,-0.12015208601951599,0.17460110783576965,-0.10859420150518417,0.03214244544506073,-0.04531817510724068,0.03269878029823303,0.05741620436310768,-0.005213138181716204,0.16388428211212158,-0.17170998454093933,1.1726324558258057,-0.3133275806903839,-0.12187957018613815,-0.22337397933006287,-0.1182243824005127,-0.29213947057724,0.2066200226545334,1.2741987705230713,0.1375429481267929,-0.2999531626701355,0.32426917552948
1777019107.497404,0.45294761657714844,SKILL_BEYOND_MIMIC,INVALID,-0.022377371788024902,0.05196445435285568,0.05188020318746567,0.15359409153461456,-0.02953614853322506,-0.05094250664114952,0.012409904040396214,-0.07629849761724472,-0.11332222074270248,0.17358696460723877,-0.1092686802148819,0.032955821603536606,-0.04071136191487312,0.03808070346713066,0.05765894055366516,-0.004290352575480938,0.16412396728992462,-0.1717699021100998,1.17306387424469,-0.3134593963623047,-0.12052535265684128,-0.22306238114833832,-0.1170259565114975,-0.288592129945755,0.20658408105373383,1.2743785381317139,0.12794359028339386,-0.2993539571762085,0.3243890106678009
1777019107.5174756,0.4730191230773926,SKILL_BEYOND_MIMIC,INVALID,-0.02327219396829605,0.05083952844142914,0.055000513792037964,0.15199193358421326,-0.03226118162274361,-0.04660683870315552,0.010995232500135899,-0.07698879390954971,-0.108313649892807,0.1709110289812088,-0.1112559586763382,0.03672542795538902,-0.03796602413058281,0.034982018172740936,0.058019354939460754,-0.0036551887169480324,0.16431571543216705,-0.1717938631772995,1.1747297048568726,-0.31324368715286255,-0.1191231980919838,-0.22293055057525635,-0.11659453064203262,-0.2848290801048279,0.2061166912317276,1.2742946147918701,0.12161591649055481,-0.29973745346069336,0.3250601291656494
1777019107.5373616,0.4929051399230957,SKILL_BEYOND_MIMIC,INVALID,-0.02501922845840454,0.049510084092617035,0.057370882481336594,0.15019376575946808,-0.033197782933712006,-0.045116495341062546,0.011685523204505444,-0.07830972224473953,-0.10583615303039551,0.1659596711397171,-0.10990281403064728,0.039245881140232086,-0.03844813257455826,0.03199782967567444,0.05807773023843765,-0.0036911412607878447,0.16404007375240326,-0.1717938631772995,1.1778455972671509,-0.31319573521614075,-0.11863184720277786,-0.22265492379665375,-0.11637881398200989,-0.28152143955230713,0.20580509305000305,1.2742347717285156,0.12199941277503967,-0.30008500814437866,0.3260907828807831
1777019107.5575626,0.513106107711792,SKILL_BEYOND_MIMIC,INVALID,-0.025700997561216354,0.047822706401348114,0.059754639863967896,0.1469297856092453,-0.03427576646208763,-0.04335729032754898,0.012657045386731625,-0.08106236159801483,-0.10394789278507233,0.15824715793132782,-0.10770726948976517,0.0425841324031353,-0.040577445179224014,0.03043186664581299,0.05748504400253296,-0.003930825740098953,0.1637764275074005,-0.17185379564762115,1.1810214519500732,-0.3139507472515106,-0.11845207959413528,-0.22187595069408417,-0.11540809273719788,-0.27892085909843445,0.20591296255588531,1.274210810661316,0.12210726737976074,-0.3001209497451782,0.3263304531574249
1777019107.5776412,0.5331847667694092,SKILL_BEYOND_MIMIC,INVALID,-0.02549646608531475,0.046433597803115845,0.0647498145699501,0.14186765253543854,-0.03671647608280182,-0.03940941020846367,0.0126911336556077,-0.08257077634334564,-0.10398806631565094,0.1564234346151352,-0.10594834387302399,0.0421813502907753,-0.04001498594880104,0.02755310758948326,0.05617646872997284,-0.004314321093261242,0.1637764275074005,-0.1718418002128601,1.1826872825622559,-0.3139507472515106,-0.11828429996967316,-0.2198745757341385,-0.11423363536596298,-0.2774827480316162,0.20591296255588531,1.2741268873214722,0.12191552668809891,-0.30010896921157837,0.3262585401535034
1777019107.5977101,0.5532536506652832,SKILL_BEYOND_MIMIC,INVALID,-0.02410736121237278,0.0455813854932785,0.07049494236707687,0.13626010715961456,-0.03703561797738075,-0.038743630051612854,0.010560604743659496,-0.08320141583681107,-0.10053296387195587,0.15685805678367615,-0.10330791026353836,0.04112882912158966,-0.03764461725950241,0.026665015146136284,0.055795133113861084,-0.004266384057700634,0.16376443207263947,-0.1718178391456604,1.1834901571273804,-0.31391480565071106,-0.11812850832939148,-0.21621939539909363,-0.11323894560337067,-0.27645209431648254,0.20573319494724274,1.2741148471832275,0.12185560166835785,-0.29998913407325745,0.32607877254486084
1777019107.6183765,0.5739200115203857,SKILL_BEYOND_MIMIC,INVALID,-0.02332332730293274,0.04459282010793686,0.07315992563962936,0.13320918381214142,-0.0373029001057148,-0.038300421088933945,0.01016006525605917,-0.08495696634054184,-0.0989125445485115,0.1565597802400589,-0.10201451182365417,0.042710598558187485,-0.03749730810523033,0.02761080674827099,0.056511040776968,-0.004290352575480938,0.1637764275074005,-0.17222529649734497,1.183609962463379,-0.3139507472515106,-0.1179247796535492,-0.21351096034049988,-0.11248394101858139,-0.27532559633255005,0.20555342733860016,1.2741508483886719,0.12141218781471252,-0.29998913407325745,0.3260428309440613
1777019107.638107,0.5936505794525146,SKILL_BEYOND_MIMIC,INVALID,-0.02356194704771042,0.043859921395778656,0.07425805926322937,0.13281716406345367,-0.03747168555855751,-0.03803111985325813,0.009273764677345753,-0.08609893172979355,-0.09801528602838516,0.15525589883327484,-0.10208897292613983,0.042989183217287064,-0.03880971297621727,0.02829613722860813,0.05801337584853172,-0.005009406246244907,0.16376443207263947,-0.1721653789281845,1.1834661960601807,-0.31374701857566833,-0.11793676018714905,-0.2126600742340088,-0.11219631880521774,-0.2737196981906891,0.20506207644939423,1.2741748094558716,0.12181965261697769,-0.3000011146068573,0.32607877254486084
1777019107.6582272,0.6137707233428955,SKILL_BEYOND_MIMIC,INVALID,-0.026067446917295456,0.04265829920768738,0.07366881519556046,0.1326722949743271,-0.038008127361536026,-0.03698475658893585,0.00636772345751524,-0.08649947494268417,-0.09835008531808853,0.15219645202159882,-0.10251864790916443,0.043640654534101486,-0.04034978151321411,0.027612049132585526,0.0584864504635334,-0.005105279851704836,0.1637524515390396,-0.17165005207061768,1.1830826997756958,-0.31294408440589905,-0.11791279166936874,-0.2120368927717209,-0.11097392439842224,-0.27147865295410156,0.20395952463150024,1.273827314376831,0.12299410253763199,-0.29994118213653564,0.3260428309440613
1777019107.678288,0.6338315010070801,SKILL_BEYOND_MIMIC,INVALID,-0.02622084692120552,0.04221515357494354,0.07365542650222778,0.13235697150230408,-0.03857213631272316,-0.0363316535949707,0.0007516499608755112,-0.0873602032661438,-0.09821616113185883,0.1455577313899994,-0.10280019789934158,0.0439777746796608,-0.04045691713690758,0.030095145106315613,0.056493841111660004,-0.005776396486908197,0.16381236910820007,-0.17168600857257843,1.182986855506897,-0.31324368715286255,-0.11802065372467041,-0.2107066512107849,-0.11063836514949799,-0.26908180117607117,0.20373183488845825,1.2735515832901,0.12277838587760925,-0.2995457053184509,0.3260428309440613
1777019107.6985219,0.6540653705596924,SKILL_BEYOND_MIMIC,INVALID,-0.025837350636720657,0.042291849851608276,0.07445894181728363,0.1315218061208725,-0.038897596299648285,-0.03589358180761337,0.0004192870110273361,-0.08716419339179993,-0.09832330048084259,0.14342720806598663,-0.1027880534529686,0.04401228204369545,-0.04018907994031906,0.03472566232085228,0.05388912558555603,-0.007574030198156834,0.16352474689483643,-0.17222529649734497,1.1833343505859375,-0.31379494071006775,-0.1182243824005127,-0.20985576510429382,-0.11109376698732376,-0.26721227169036865,0.2036958783864975,1.2732880115509033,0.12111257761716843,-0.2989345192909241,0.326066792011261
1777019107.7196927,0.6752362251281738,SKILL_BEYOND_MIMIC,INVALID,-0.025760650634765625,0.042164020240306854,0.07495444267988205,0.1290930062532425,-0.03923990577459335,-0.035428524017333984,-0.00020282715559005737,-0.08637163788080215,-0.09829651564359665,0.14237898588180542,-0.10289276391267776,0.044097062200307846,-0.040229253470897675,0.032981988042593,0.05477626249194145,-0.009275790303945541,0.16304539144039154,-0.17226125299930573,1.1833224296569824,-0.3137589991092682,-0.11833223700523376,-0.20972393453121185,-0.11096194386482239,-0.26589399576187134,0.2037198394536972,1.2728805541992188,0.12080098688602448,-0.29747244715690613,0.32605481147766113
1777019107.739218,0.6947615146636963,SKILL_BEYOND_MIMIC,INVALID,-0.025479421019554138,0.042164020240306854,0.07476695626974106,0.12686873972415924,-0.03927360475063324,-0.03537455573678017,8.692499250173569e-05,-0.08568987250328064,-0.09847060590982437,0.14195287227630615,-0.1030847355723381,0.04425250366330147,-0.04060422629117966,0.03313995152711868,0.05467497184872627,-0.01065397635102272,0.16298545897006989,-0.17224927246570587,1.1831666231155396,-0.3135552704334259,-0.11840414255857468,-0.20974791049957275,-0.11079416424036026,-0.2647075653076172,0.20375579595565796,1.2728205919265747,0.12167584151029587,-0.29422470927238464,0.3260428309440613
1777019107.7587671,0.7143106460571289,SKILL_BEYOND_MIMIC,INVALID,-0.024601643905043602,0.042283326387405396,0.0746598169207573,0.12374111264944077,-0.039151813834905624,-0.0355973057448864,0.0005812076851725578,-0.0850677564740181,-0.09849739074707031,0.14199548959732056,-0.10321787744760513,0.0442613922059536,-0.04064440354704857,0.033847156912088394,0.05421209707856178,-0.012331767939031124,0.1630094349384308,-0.1720934808254242,1.1829748153686523,-0.3137829601764679,-0.11863184720277786,-0.2097598910331726,-0.11090201884508133,-0.26431208848953247,0.20368389785289764,1.272736668586731,0.12231100350618362,-0.29148033261299133,0.3260308504104614
1777019107.7790024,0.7345459461212158,SKILL_BEYOND_MIMIC,INVALID,-0.02283756621181965,0.04201062023639679,0.07482051849365234,0.12074985355138779,-0.03832581266760826,-0.03689238056540489,0.000947657972574234,-0.08498253673315048,-0.0987786203622818,0.14118587970733643,-0.10356823354959488,0.043967731297016144,-0.03994802385568619,0.03477803245186806,0.05389264598488808,-0.01423725951462984,0.16309332847595215,-0.17185379564762115,1.1832624673843384,-0.3136511445045471,-0.11948272585868835,-0.20977187156677246,-0.11089003831148148,-0.2643240690231323,0.2033483386039734,1.2726768255233765,0.12226306647062302,-0.2909170687198639,0.3259589374065399
1777019107.79973,0.7552735805511475,SKILL_BEYOND_MIMIC,INVALID,-0.022164318710565567,0.042044706642627716,0.07471338659524918,0.11902838945388794,-0.037797555327415466,-0.037762634456157684,0.0013652415946125984,-0.08495696634054184,-0.09946160763502121,0.13995018601417542,-0.10459229350090027,0.043965764343738556,-0.03819368779659271,0.03623408451676369,0.053431011736392975,-0.015255918726325035,0.16311728954315186,-0.1717459261417389,1.183609962463379,-0.31363916397094727,-0.12022574990987778,-0.21002355217933655,-0.11099789291620255,-0.2643240690231323,0.20174244046211243,1.2726887464523315,0.12217917293310165,-0.29072532057762146,0.3253357708454132
1777019107.8194907,0.7750341892242432,SKILL_BEYOND_MIMIC,INVALID,-0.0218745656311512,0.04334859549999237,0.07427145540714264,0.11902838945388794,-0.037763603031635284,-0.03781658783555031,0.0030611427500844,-0.08442860096693039,-0.09943482279777527,0.1398734748363495,-0.10566682368516922,0.04322066903114319,-0.03812672570347786,0.03669309616088867,0.05315476283431053,-0.015795208513736725,0.1631292700767517,-0.17182981967926025,1.1844369173049927,-0.3139986991882324,-0.12102869153022766,-0.21122196316719055,-0.11098591238260269,-0.26424017548561096,0.1995733082294464,1.2728205919265747,0.12183163315057755,-0.29062944650650024,0.32495227456092834
1777019107.839834,0.7953774929046631,SKILL_BEYOND_MIMIC,INVALID,-0.022147275507450104,0.04459282010793686,0.07429824024438858,0.11874715983867645,-0.037912700325250626,-0.03762121498584747,0.007313678972423077,-0.08375535160303116,-0.09919377416372299,0.14016322791576385,-0.10594873130321503,0.04288337007164955,-0.038086552172899246,0.03664807975292206,0.05316513776779175,-0.015040202997624874,0.16336895525455475,-0.17187775671482086,1.1845927238464355,-0.314034640789032,-0.1218915581703186,-0.21283984184265137,-0.11098591238260269,-0.2641802728176117,0.19974108040332794,1.2731561660766602,0.12084892392158508,-0.2905935049057007,0.3247844874858856
1777019107.859783,0.815326452255249,SKILL_BEYOND_MIMIC,INVALID,-0.021235408261418343,0.044942229986190796,0.07336080074310303,0.11855967342853546,-0.03798928111791611,-0.037513379007577896,0.009853268973529339,-0.08340594172477722,-0.09947500377893448,0.14035071432590485,-0.10601416975259781,0.04270341992378235,-0.038073159754276276,0.036683373153209686,0.0534118190407753,-0.014009559527039528,0.1636086404323578,-0.1718418002128601,1.1839336156845093,-0.31393876671791077,-0.12280235439538956,-0.21347500383853912,-0.11072225868701935,-0.26414430141448975,0.19948941469192505,1.2732040882110596,0.11902732402086258,-0.2909410297870636,0.32428115606307983
1777019107.8814135,0.8369569778442383,SKILL_BEYOND_MIMIC,INVALID,-0.020459895953536034,0.04503597319126129,0.07257068157196045,0.11865341663360596,-0.03797636553645134,-0.03752005100250244,0.009631694294512272,-0.08299688249826431,-0.09930090606212616,0.1402740180492401,-0.10648535937070847,0.04190957546234131,-0.03878292813897133,0.03574613854289055,0.05359574034810066,-0.01330249011516571,0.16344086825847626,-0.17197363078594208,1.182998776435852,-0.31380695104599,-0.12311394512653351,-0.21377460658550262,-0.11067432165145874,-0.26458773016929626,0.19921377301216125,1.2735755443572998,0.11079416424036026,-0.29152825474739075,0.32315462827682495
1777019107.9002156,0.8557591438293457,SKILL_BEYOND_MIMIC,INVALID,-0.020306497812271118,0.04546207934617996,0.07206179201602936,0.11924143880605698,-0.03812619298696518,-0.03740602359175682,0.007884659804403782,-0.08201684057712555,-0.10005085170269012,0.14045298099517822,-0.106861911714077,0.041344013065099716,-0.039586443454027176,0.034708257764577866,0.05417918413877487,-0.013290505856275558,0.16290158033370972,-0.1723451465368271,1.182759165763855,-0.31379494071006775,-0.12285029143095016,-0.21419405937194824,-0.11079416424036026,-0.2649232745170593,0.19930964708328247,1.2736594676971436,0.10187789797782898,-0.2917439937591553,0.3228190839290619
1777019107.9203594,0.8759028911590576,SKILL_BEYOND_MIMIC,INVALID,-0.02103087678551674,0.045470595359802246,0.07232962548732758,0.12009365111589432,-0.03888262063264847,-0.03669341281056404,0.005779697559773922,-0.08182083070278168,-0.10191232711076736,0.14061491191387177,-0.10957194864749908,0.04357200115919113,-0.03846152499318123,0.03427966311573982,0.054408181458711624,-0.012978916056454182,0.16262593865394592,-0.17242904007434845,1.18277108669281,-0.3139866888523102,-0.12190353870391846,-0.2141820788383484,-0.11079416424036026,-0.2643240690231323,0.19932162761688232,1.273779273033142,0.09984058141708374,-0.29197168350219727,0.3227471709251404
1777019107.9405222,0.8960657119750977,SKILL_BEYOND_MIMIC,INVALID,-0.021610381081700325,0.045828528702259064,0.07194126397371292,0.12023000419139862,-0.03907236456871033,-0.03640340641140938,0.005643344484269619,-0.08120723813772202,-0.10196589678525925,0.14070865511894226,-0.11093070358037949,0.04463784396648407,-0.038394566625356674,0.033976323902606964,0.05489998683333397,-0.012475578114390373,0.16251808404922485,-0.17245300114154816,1.183154582977295,-0.3140106797218323,-0.12029765546321869,-0.21411016583442688,-0.11083011329174042,-0.2633054256439209,0.19930964708328247,1.2736594676971436,0.09920541942119598,-0.2925589084625244,0.32275915145874023
1777019107.9605615,0.9161050319671631,SKILL_BEYOND_MIMIC,INVALID,-0.02265860140323639,0.04689379036426544,0.07116453349590302,0.1195056214928627,-0.03936154767870903,-0.03582945838570595,0.008140324614942074,-0.08086635172367096,-0.10240782797336578,0.14149267971515656,-0.11136699467897415,0.045083239674568176,-0.0393453910946846,0.03383205831050873,0.055159613490104675,-0.011948272585868835,0.16251808404922485,-0.1724889576435089,1.183969497680664,-0.3140106797218323,-0.11984225362539291,-0.21406222879886627,-0.11036273092031479,-0.2629339098930359,0.19926171004772186,1.2736715078353882,0.09882192313671112,-0.2928824722766876,0.32290297746658325
1777019107.980398,0.9359414577484131,SKILL_BEYOND_MIMIC,INVALID,-0.02289722114801407,0.04763521999120712,0.07044137269258499,0.11949710547924042,-0.03865824267268181,-0.03665095940232277,0.01016006525605917,-0.08082374185323715,-0.10334526002407074,0.1417398303747177,-0.11123350262641907,0.04488619044423103,-0.040764931589365005,0.033877287060022354,0.05602134019136429,-0.011876367032527924,0.16262593865394592,-0.17247696220874786,1.1843171119689941,-0.31409457325935364,-0.1200220137834549,-0.21402627229690552,-0.10957176983356476,-0.2631256580352783,0.19934560358524323,1.2737194299697876,0.100176140666008,-0.29291844367980957,0.3229149580001831
1777019108.0007992,0.9563426971435547,SKILL_BEYOND_MIMIC,INVALID,-0.023067662492394447,0.04813802242279053,0.07033423334360123,0.11982946842908859,-0.03844011574983597,-0.037069544196128845,0.009333419613540173,-0.08090896159410477,-0.10376040637493134,0.1417483389377594,-0.1115843877196312,0.044536273926496506,-0.041394349187612534,0.033709798008203506,0.05636054277420044,-0.011840414255857468,0.16262593865394592,-0.1724889576435089,1.1843171119689941,-0.31591615080833435,-0.12011788785457611,-0.21373865008354187,-0.10851716250181198,-0.2634252607822418,0.1994774341583252,1.2739111185073853,0.10299243032932281,-0.29275065660476685,0.32287898659706116
1777019108.0208802,0.9764237403869629,SKILL_BEYOND_MIMIC,INVALID,-0.022888697683811188,0.048001669347286224,0.07046815752983093,0.11982946842908859,-0.038504038006067276,-0.03702259808778763,0.008012491278350353,-0.08047433942556381,-0.10463088005781174,0.14173130691051483,-0.1126161739230156,0.04352103918790817,-0.04100598394870758,0.03418055921792984,0.05642028525471687,-0.01179247722029686,0.16258998215198517,-0.17247696220874786,1.1843769550323486,-0.3162277638912201,-0.12012987583875656,-0.21352294087409973,-0.10787001252174377,-0.2633892893791199,0.19946543872356415,1.2739471197128296,0.10353171825408936,-0.292738676071167,0.32285502552986145
1777019108.0413387,0.9968822002410889,SKILL_BEYOND_MIMIC,INVALID,-0.022615991532802582,0.04774600267410278,0.07070920616388321,0.11960788816213608,-0.03873187676072121,-0.03668544068932533,0.006521121598780155,-0.07978404313325882,-0.10520673543214798,0.14182505011558533,-0.11299769580364227,0.04319247975945473,-0.040577445179224014,0.03406877443194389,0.056371431797742844,-0.011876367032527924,0.16251808404922485,-0.17247696220874786,1.1843769550323486,-0.3159521222114563,-0.12011788785457611,-0.21341508626937866,-0.10794191807508469,-0.2632095515727997,0.1994774341583252,1.2739471197128296,0.10233329981565475,-0.2928585112094879,0.3228670060634613
1777019108.0609055,1.016448974609375,SKILL_BEYOND_MIMIC,INVALID,-0.022505203261971474,0.048547081649303436,0.0709904357790947,0.11926700174808502,-0.03885806351900101,-0.03646950051188469,0.006325113587081432,-0.07882104814052582,-0.1047380194067955,0.14186765253543854,-0.11308948695659637,0.04304063692688942,-0.04029621556401253,0.034143589437007904,0.05636981129646301,-0.01242764201015234,0.16232633590698242,-0.1724889576435089,1.1844249963760376,-0.3155326545238495,-0.12010590732097626,-0.21341508626937866,-0.10824152082204819,-0.2631376385688782,0.19946543872356415,1.2739231586456299,0.10057161748409271,-0.29344573616981506,0.32285502552986145
1777019108.0811312,1.0366747379302979,SKILL_BEYOND_MIMIC,INVALID,-0.021959789097309113,0.0491606742143631,0.07183412462472916,0.11921587586402893,-0.038841214030981064,-0.03649648651480675,0.006384768523275852,-0.07776430249214172,-0.10433626174926758,0.14187617599964142,-0.11305798590183258,0.0429774709045887,-0.03996141627430916,0.034552570432424545,0.056654609739780426,-0.013158679008483887,0.1621825248003006,-0.1726447492837906,1.1846766471862793,-0.31556862592697144,-0.12012987583875656,-0.21317540109157562,-0.10836136341094971,-0.2631016671657562,0.1994774341583252,1.2739111185073853,0.09972073882818222,-0.2937333583831787,0.32280710339546204
1777019108.1011577,1.0567011833190918,SKILL_BEYOND_MIMIC,INVALID,-0.02139732800424099,0.04913511127233505,0.07247693836688995,0.11942040175199509,-0.03855476900935173,-0.036955203860998154,0.00679382961243391,-0.07761942595243454,-0.10421573370695114,0.14195287227630615,-0.11289456486701965,0.043002866208553314,-0.03982749953866005,0.03482040390372276,0.05682593956589699,-0.013002884574234486,0.16178704798221588,-0.1726926863193512,1.1851439476013184,-0.31573641300201416,-0.12012987583875656,-0.21232451498508453,-0.1080617606639862,-0.26311367750167847,0.1994774341583252,1.273827314376831,0.10119479894638062,-0.29364946484565735,0.32275915145874023
1777019108.121235,1.0767784118652344,SKILL_BEYOND_MIMIC,INVALID,-0.02126949653029442,0.04905840754508972,0.07200822234153748,0.11976128816604614,-0.03812015801668167,-0.03759578987956047,0.008694260381162167,-0.07745750993490219,-0.10426929593086243,0.14287327229976654,-0.11281975358724594,0.043141040951013565,-0.04061761870980263,0.034909941256046295,0.05685194581747055,-0.011984225362539291,0.1612837016582489,-0.1727645844221115,1.185455560684204,-0.3157244026660919,-0.12016582489013672,-0.2114616483449936,-0.10724683105945587,-0.2631615996360779,0.19936956465244293,1.2736834287643433,0.10325608402490616,-0.29319408535957336,0.3227711319923401
1777019108.1411922,1.0967357158660889,SKILL_BEYOND_MIMIC,INVALID,-0.02109905332326889,0.04939929395914078,0.07105740159749985,0.12007660418748856,-0.03744436427950859,-0.03825460746884346,0.010978187434375286,-0.07735524326562881,-0.10468444973230362,0.14323972165584564,-0.1127781867980957,0.043008074164390564,-0.04152826964855194,0.035824768245220184,0.05743231996893883,-0.011480887420475483,0.16102005541324615,-0.17277657985687256,1.1854676008224487,-0.3156525194644928,-0.12027368694543839,-0.21082648634910583,-0.10628809034824371,-0.2632814347743988,0.19848273694515228,1.2736715078353882,0.10371148586273193,-0.2928585112094879,0.3227950930595398
1777019108.1618073,1.1173508167266846,SKILL_BEYOND_MIMIC,INVALID,-0.019812215119600296,0.04956973344087601,0.0710306167602539,0.12027261406183243,-0.036234766244888306,-0.04012737423181534,0.008984013460576534,-0.0773637667298317,-0.10472462326288223,0.14300961792469025,-0.11272598057985306,0.04277743771672249,-0.04163540527224541,0.03659819811582565,0.058695029467344284,-0.011672635562717915,0.16102005541324615,-0.1727885603904724,1.1851799488067627,-0.3156764805316925,-0.12078900635242462,-0.21055085957050323,-0.10592857003211975,-0.2640244662761688,0.19831496477127075,1.2738392353057861,0.1035197377204895,-0.29282256960868835,0.3228190839290619
1777019108.1818516,1.1373951435089111,SKILL_BEYOND_MIMIC,INVALID,-0.017886217683553696,0.049859486520290375,0.07105740159749985,0.12086915969848633,-0.0360422320663929,-0.040422674268484116,0.009214109741151333,-0.0773637667298317,-0.10503263771533966,0.1429840475320816,-0.11312808096408844,0.04240043833851814,-0.041608620434999466,0.036609139293432236,0.05915067344903946,-0.011540808714926243,0.16110393404960632,-0.17263276875019073,1.1849641799926758,-0.31573641300201416,-0.12169981002807617,-0.21043100953102112,-0.1059165820479393,-0.2648274004459381,0.19829098880290985,1.2738991975784302,0.1034957692027092,-0.2928824722766876,0.32280710339546204
1777019108.201924,1.1574676036834717,SKILL_BEYOND_MIMIC,INVALID,-0.015159139409661293,0.05045603960752487,0.07086991518735886,0.12107369303703308,-0.03613051027059555,-0.040308743715286255,0.009606127627193928,-0.07711662352085114,-0.1050594225525856,0.1429840475320816,-0.11310002207756042,0.04250449314713478,-0.04081849753856659,0.037025533616542816,0.05937361717224121,-0.010965566150844097,0.16118782758712769,-0.1723451465368271,1.1848324537277222,-0.315748393535614,-0.12229901552200317,-0.21044299006462097,-0.10596451908349991,-0.2653067708015442,0.19896210730075836,1.2739111185073853,0.10350774973630905,-0.2928944528102875,0.3227950930595398
1777019108.2234488,1.1789922714233398,SKILL_BEYOND_MIMIC,INVALID,-0.013071221299469471,0.05141051113605499,0.07074938714504242,0.12065611034631729,-0.03628517687320709,-0.040060337632894516,0.010816267691552639,-0.07672460377216339,-0.10416216403245926,0.14300109446048737,-0.11307325959205627,0.042462293058633804,-0.04028282314538956,0.03743815794587135,0.059986598789691925,-0.010618023574352264,0.16129568219184875,-0.17240506410598755,1.1848922967910767,-0.31576037406921387,-0.12243084609508514,-0.21044299006462097,-0.10601245611906052,-0.2651989161968231,0.19905798137187958,1.273935079574585,0.10345982015132904,-0.29287049174308777,0.32280710339546204
1777019108.242523,1.1980664730072021,SKILL_BEYOND_MIMIC,INVALID,-0.01210822258144617,0.05152982473373413,0.07116453349590302,0.12017887085676193,-0.0363316535949707,-0.040013544261455536,0.011975276283919811,-0.07671608030796051,-0.1037336215376854,0.14300961792469025,-0.11322130262851715,0.04231826588511467,-0.03996141627430916,0.03801712393760681,0.06039108335971832,-0.010498180985450745,0.1613076776266098,-0.17247696220874786,1.1850122213363647,-0.3156764805316925,-0.12243084609508514,-0.21052688360214233,-0.10608436167240143,-0.26481541991233826,0.1994294971227646,1.2739231586456299,0.10343585163354874,-0.2928944528102875,0.3228190839290619
1777019108.2628105,1.2183539867401123,SKILL_BEYOND_MIMIC,INVALID,-0.0135740265250206,0.05132529139518738,0.07119131833314896,0.11968459188938141,-0.03649644926190376,-0.040083128958940506,0.01220537256449461,-0.07692061364650726,-0.10369344800710678,0.14297552406787872,-0.11454185098409653,0.040531326085329056,-0.04012211784720421,0.039734937250614166,0.061161793768405914,-0.01077381893992424,0.16129568219184875,-0.172464981675148,1.1851199865341187,-0.3155326545238495,-0.1224667951464653,-0.21132983267307281,-0.1064918264746666,-0.2643240690231323,0.1994294971227646,1.2739231586456299,0.10495784133672714,-0.29287049174308777,0.32283106446266174
1777019108.2827108,1.2382543087005615,SKILL_BEYOND_MIMIC,INVALID,-0.01427283976227045,0.051009975373744965,0.07155289500951767,0.11956527829170227,-0.036722179502248764,-0.03972058370709419,0.01202640775591135,-0.07704844325780869,-0.10378719121217728,0.1429329216480255,-0.11596692353487015,0.03829476609826088,-0.04049709066748619,0.0392342284321785,0.06119769066572189,-0.011564777232706547,0.16127172112464905,-0.17256085574626923,1.1850241422653198,-0.3153049647808075,-0.12245481461286545,-0.2131034880876541,-0.10697119683027267,-0.2643001079559326,0.1994055211544037,1.2738871574401855,0.10419085621833801,-0.2928585112094879,0.32283106446266174
1777019108.3032215,1.2587649822235107,SKILL_BEYOND_MIMIC,INVALID,-0.01396604347974062,0.0504901260137558,0.07238319516181946,0.1195482388138771,-0.03669586032629013,-0.03969322144985199,0.012213894166052341,-0.07685243338346481,-0.10398806631565094,0.14301814138889313,-0.11618620157241821,0.037732258439064026,-0.04064440354704857,0.039109088480472565,0.06175801903009415,-0.012631373479962349,0.16127172112464905,-0.1726447492837906,1.1850001811981201,-0.31481361389160156,-0.12243084609508514,-0.21468541026115417,-0.10686333477497101,-0.2643240690231323,0.19929766654968262,1.2738752365112305,0.10218948870897293,-0.2922832667827606,0.3228430449962616
1777019108.3233285,1.278872013092041,SKILL_BEYOND_MIMIC,INVALID,-0.01472451165318489,0.05045603960752487,0.07160646468400955,0.11956527829170227,-0.03663315623998642,-0.03979392722249031,0.012580345384776592,-0.07647746056318283,-0.10416216403245926,0.14296701550483704,-0.11463283002376556,0.04029519110918045,-0.04051048308610916,0.039464741945266724,0.06203697994351387,-0.012835104949772358,0.1613076776266098,-0.17258483171463013,1.1851199865341187,-0.3150293231010437,-0.1224188581109047,-0.21618343889713287,-0.10661166906356812,-0.26421621441841125,0.19936956465244293,1.2739710807800293,0.1013745591044426,-0.2916361093521118,0.3228670060634613
1777019108.3430283,1.2985718250274658,SKILL_BEYOND_MIMIC,INVALID,-0.015346625819802284,0.05066908895969391,0.07054850459098816,0.11961641162633896,-0.03665037453174591,-0.039794132113456726,0.012529213912785053,-0.07634110748767853,-0.10440322011709213,0.14296701550483704,-0.11384770274162292,0.04163797199726105,-0.0405372679233551,0.03997748717665672,0.06228867545723915,-0.01276320032775402,0.16137957572937012,-0.17253689467906952,1.1852518320083618,-0.3153049647808075,-0.12240687757730484,-0.21758559346199036,-0.10668357461690903,-0.26409637928009033,0.19939354062080383,1.273995041847229,0.10171011835336685,-0.29180389642715454,0.32285502552986145
1777019108.3629894,1.318532943725586,SKILL_BEYOND_MIMIC,INVALID,-0.015960218384861946,0.05081396549940109,0.06981195509433746,0.11955675482749939,-0.03650824725627899,-0.04002239927649498,0.01208606269210577,-0.07635815441608429,-0.10463088005781174,0.1430777907371521,-0.11366758495569229,0.04183734953403473,-0.04047030955553055,0.040260836482048035,0.06232788786292076,-0.01284708920866251,0.1613556146621704,-0.17259681224822998,1.1851320266723633,-0.3154967129230499,-0.12259862571954727,-0.21808892488479614,-0.10673151165246964,-0.2641562819480896,0.19935758411884308,1.273983120918274,0.10385529696941376,-0.29305025935173035,0.3228430449962616
1777019108.3830917,1.3386352062225342,SKILL_BEYOND_MIMIC,INVALID,-0.016812430694699287,0.05006401985883713,0.07054850459098816,0.11948005855083466,-0.036483414471149445,-0.04007621109485626,0.01196675281971693,-0.07625588774681091,-0.10513976961374283,0.1428477019071579,-0.11377913504838943,0.04163697734475136,-0.04002837464213371,0.04045860096812248,0.0626799687743187,-0.012823120690882206,0.16134361922740936,-0.17263276875019073,1.1851799488067627,-0.31543678045272827,-0.12283831089735031,-0.21808892488479614,-0.10694722831249237,-0.26419225335121155,0.1992017924785614,1.2739471197128296,0.10373545438051224,-0.2939850389957428,0.3228190839290619
1777019108.4031975,1.358741044998169,SKILL_BEYOND_MIMIC,INVALID,-0.017144791781902313,0.04759260267019272,0.0727313831448555,0.11930961906909943,-0.036554478108882904,-0.039962075650691986,0.012213894166052341,-0.07600022852420807,-0.10591650009155273,0.14210627973079681,-0.11392439156770706,0.04140923172235489,-0.03988106548786163,0.040839891880750656,0.06331955641508102,-0.012715263292193413,0.16131965816020966,-0.17263276875019073,1.1856234073638916,-0.3153289258480072,-0.12286227941513062,-0.2182207554578781,-0.10687532275915146,-0.2642281949520111,0.1991538554430008,1.2738752365112305,0.10244115442037582,-0.29406893253326416,0.32280710339546204
1777019108.423276,1.378819465637207,SKILL_BEYOND_MIMIC,INVALID,-0.017230013385415077,0.0491606742143631,0.07254389673471451,0.11922439187765121,-0.036638081073760986,-0.039827801287174225,0.012162762694060802,-0.07554855197668076,-0.10617095232009888,0.14203809201717377,-0.11392980813980103,0.04125608131289482,-0.04028282314538956,0.04092800244688988,0.0634564459323883,-0.012439625337719917,0.1613076776266098,-0.17263276875019073,1.1862465143203735,-0.3152570426464081,-0.12286227941513062,-0.21865218877792358,-0.10667158663272858,-0.2642281949520111,0.19921377301216125,1.2738871574401855,0.10274076461791992,-0.294080913066864,0.32280710339546204
1777019108.4432724,1.3988158702850342,SKILL_BEYOND_MIMIC,INVALID,-0.017264101654291153,0.05050717294216156,0.07246354967355728,0.11925848573446274,-0.03656996041536331,-0.0398675762116909,0.011949709616601467,-0.07524175941944122,-0.10618434101343155,0.14212331175804138,-0.11359578371047974,0.040847256779670715,-0.041260428726673126,0.04100988805294037,0.0634775161743164,-0.012104067951440811,0.16131965816020966,-0.1726447492837906,1.1865941286087036,-0.3151851296424866,-0.12283831089735031,-0.21901170909404755,-0.10647983849048615,-0.2642521560192108,0.19927369058132172,1.2739111185073853,0.1029205247759819,-0.294080913066864,0.3228190839290619
1777019108.4636517,1.4191951751708984,SKILL_BEYOND_MIMIC,INVALID,-0.017528288066387177,0.05133381485939026,0.07175377756357193,0.11925848573446274,-0.03637299686670303,-0.04015606269240379,0.011796311475336552,-0.07475599646568298,-0.10607720911502838,0.1421148031949997,-0.11132913827896118,0.037316903471946716,-0.040778324007987976,0.04111512005329132,0.06340984255075455,-0.012056130915880203,0.1613076776266098,-0.17272864282131195,1.186582088470459,-0.3151971101760864,-0.12282632291316986,-0.21963489055633545,-0.10661166906356812,-0.2642521560192108,0.19926171004772186,1.2751694917678833,0.10203369706869125,-0.294536292552948,0.3228190839290619
1777019108.4836397,1.439183235168457,SKILL_BEYOND_MIMIC,INVALID,-0.018073704093694687,0.05114632844924927,0.07216892391443253,0.1192755252122879,-0.036327261477708817,-0.040243443101644516,0.011770744808018208,-0.07473894953727722,-0.10639861226081848,0.14199548959732056,-0.11156458407640457,0.03752810135483742,-0.040778324007987976,0.04162333905696869,0.06335004419088364,-0.012415657751262188,0.16131965816020966,-0.17272864282131195,1.1865462064743042,-0.31508925557136536,-0.12287425994873047,-0.2202460914850235,-0.10663563758134842,-0.26426413655281067,0.19926171004772186,1.2760323286056519,0.1025729849934578,-0.29477599263191223,0.32290297746658325
1777019108.503589,1.459132432937622,SKILL_BEYOND_MIMIC,INVALID,-0.01904522441327572,0.05104406177997589,0.07161986082792282,0.11934370547533035,-0.03642783313989639,-0.040095843374729156,0.012009364552795887,-0.07503722608089447,-0.10749674588441849,0.14196991920471191,-0.11219950765371323,0.038279008120298386,-0.04071136191487312,0.04431139677762985,0.06257617473602295,-0.012535499408841133,0.16137957572937012,-0.1727166473865509,1.1865341663360596,-0.3152090907096863,-0.12313791364431381,-0.22043783962726593,-0.10670754313468933,-0.26426413655281067,0.19927369058132172,1.2760562896728516,0.10359164327383041,-0.29472804069519043,0.32295089960098267
1777019108.5236676,1.4792110919952393,SKILL_BEYOND_MIMIC,INVALID,-0.02014457806944847,0.05098440498113632,0.07133863121271133,0.11937779188156128,-0.036519795656204224,-0.03994813933968544,0.01250364724546671,-0.07502017915248871,-0.10805920511484146,0.1421148031949997,-0.11187730729579926,0.03772631660103798,-0.041072942316532135,0.043678488582372665,0.06244095787405968,-0.012583436444401741,0.1612357646226883,-0.17272864282131195,1.1865581274032593,-0.3152570426464081,-0.12318585067987442,-0.22035394608974457,-0.10661166906356812,-0.26446789503097534,0.19928568601608276,1.2759604454040527,0.10316020995378494,-0.29466813802719116,0.3229389190673828
1777019108.5437791,1.4993226528167725,SKILL_BEYOND_MIMIC,INVALID,-0.020937133580446243,0.051001451909542084,0.07151272147893906,0.1193692684173584,-0.03647356480360031,-0.040008459240198135,0.013372902758419514,-0.07460259646177292,-0.10784493386745453,0.14222557842731476,-0.11106374859809875,0.03652862459421158,-0.04083188995718956,0.043891649693250656,0.06207283213734627,-0.012607404962182045,0.16118782758712769,-0.1727406233549118,1.1865581274032593,-0.3152570426464081,-0.12317387014627457,-0.22025807201862335,-0.1065397635102272,-0.26458773016929626,0.19930964708328247,1.275996446609497,0.10223742574453354,-0.29464414715766907,0.32295089960098267
1777019108.5637748,1.5193183422088623,SKILL_BEYOND_MIMIC,INVALID,-0.02122688665986061,0.05113780498504639,0.07151272147893906,0.11940336227416992,-0.0364106185734272,-0.04009563848376274,0.013338814489543438,-0.07431284338235855,-0.10784493386745453,0.14210627973079681,-0.11102911829948425,0.03651432693004608,-0.04100598394870758,0.04404862970113754,0.06205449253320694,-0.012559467926621437,0.1612118035554886,-0.17272864282131195,1.186570167541504,-0.31524503231048584,-0.12317387014627457,-0.22028204798698425,-0.1065157949924469,-0.2645757496356964,0.19930964708328247,1.2760204076766968,0.10230933129787445,-0.29462018609046936,0.3229628801345825
1777019108.5841963,1.5397398471832275,SKILL_BEYOND_MIMIC,INVALID,-0.021388806402683258,0.051427558064460754,0.07137880474328995,0.11942892521619797,-0.0364108644425869,-0.040109165012836456,0.013313247822225094,-0.07414240390062332,-0.10800563544034958,0.14209775626659393,-0.11175917834043503,0.03759291395545006,-0.04111311957240105,0.04463445395231247,0.061740901321172714,-0.012583436444401741,0.16118782758712769,-0.17272864282131195,1.186582088470459,-0.315233051776886,-0.12322180718183517,-0.2203179895877838,-0.10647983849048615,-0.2645997107028961,0.19936956465244293,1.2766435146331787,0.10281267017126083,-0.29466813802719116,0.32310670614242554
1777019108.6052828,1.560826301574707,SKILL_BEYOND_MIMIC,INVALID,-0.021542204543948174,0.051853664219379425,0.07107079029083252,0.11939483880996704,-0.03640250489115715,-0.04012259468436241,0.014063193462789059,-0.07343506813049316,-0.108313649892807,0.14212331175804138,-0.11196019500494003,0.03780370578169823,-0.040952417999506,0.04802006483078003,0.05954214558005333,-0.01284708920866251,0.16105599701404572,-0.1727645844221115,1.1872532367706299,-0.315233051776886,-0.12337759882211685,-0.2203179895877838,-0.1065157949924469,-0.2647075653076172,0.19934560358524323,1.2772427797317505,0.10295648127794266,-0.2947879731655121,0.3233224153518677
1777019108.6252818,1.5808253288269043,SKILL_BEYOND_MIMIC,INVALID,-0.02156776934862137,0.051853664219379425,0.07033423334360123,0.11938631534576416,-0.03640742972493172,-0.040156468749046326,0.014523387886583805,-0.07334132492542267,-0.10951892286539078,0.1420295685529709,-0.11210817098617554,0.037630897015333176,-0.04111311957240105,0.04639514163136482,0.06055668368935585,-0.013098758645355701,0.16109195351600647,-0.17280054092407227,1.1875888109207153,-0.3154847323894501,-0.12335363030433655,-0.2203179895877838,-0.1065157949924469,-0.2648034393787384,0.19930964708328247,1.2772787809371948,0.10127868503332138,-0.2948598861694336,0.32338234782218933
1777019108.6446433,1.600186824798584,SKILL_BEYOND_MIMIC,INVALID,-0.021542204543948174,0.051623567938804626,0.06953072547912598,0.11955675482749939,-0.03639070689678192,-0.04018332436680794,0.014378511346876621,-0.07386969774961472,-0.11069741100072861,0.14199548959732056,-0.1122603490948677,0.037451159209012985,-0.04180949926376343,0.04731709882616997,0.06025560200214386,-0.013314474374055862,0.16118782758712769,-0.17284847795963287,1.1875288486480713,-0.3155566453933716,-0.12337759882211685,-0.2203179895877838,-0.1065157949924469,-0.26488733291625977,0.1992257535457611,1.2772787809371948,0.0987020805478096,-0.2950036823749542,0.32345423102378845
1777019108.665269,1.6208124160766602,SKILL_BEYOND_MIMIC,INVALID,-0.021533682942390442,0.05020889639854431,0.06957089900970459,0.11980389803647995,-0.036406684666872025,-0.04011588171124458,0.012469558976590633,-0.07413388043642044,-0.11101881414651871,0.14201253652572632,-0.11239085346460342,0.03754974529147148,-0.041769322007894516,0.0464339442551136,0.06043002009391785,-0.013314474374055862,0.16111592948436737,-0.17289641499519348,1.1875888109207153,-0.3154847323894501,-0.12414459139108658,-0.2203179895877838,-0.10657571256160736,-0.26506710052490234,0.1992257535457611,1.2772547006607056,0.09771937131881714,-0.29521939158439636,0.32370591163635254
1777019108.6849308,1.6404743194580078,SKILL_BEYOND_MIMIC,INVALID,-0.021482549607753754,0.04912658780813217,0.06978517025709152,0.11982946842908859,-0.036361198872327805,-0.04021678864955902,0.011114542372524738,-0.07408274710178375,-0.11101881414651871,0.14199548959732056,-0.11435084789991379,0.03941277414560318,-0.04060422629117966,0.046343982219696045,0.06046052649617195,-0.013158679008483887,0.16106799244880676,-0.17295633256435394,1.1875888109207153,-0.3154727518558502,-0.12497150152921677,-0.2203179895877838,-0.10662364959716797,-0.2651030421257019,0.1992257535457611,1.2772188186645508,0.09744373708963394,-0.29521939158439636,0.3237418532371521
1777019108.7050698,1.6606132984161377,SKILL_BEYOND_MIMIC,INVALID,-0.02145698294043541,0.04857265204191208,0.06966464221477509,0.11988911777734756,-0.03628988936543465,-0.04031739756464958,0.011395771987736225,-0.07380151748657227,-0.11147414147853851,0.14203809201717377,-0.11486590653657913,0.039523545652627945,-0.04033638909459114,0.04703260585665703,0.060319654643535614,-0.013170663267374039,0.16115187108516693,-0.17292039096355438,1.187540888786316,-0.3155326545238495,-0.12510332465171814,-0.2203179895877838,-0.10682738572359085,-0.2651030421257019,0.19930964708328247,1.277194857597351,0.09350092709064484,-0.29519543051719666,0.32372987270355225
1777019108.7255213,1.6810648441314697,SKILL_BEYOND_MIMIC,INVALID,-0.021235408261418343,0.04862378537654877,0.06977177411317825,0.11986355483531952,-0.036340050399303436,-0.040236830711364746,0.011540648527443409,-0.07385265082120895,-0.11202320456504822,0.14204661548137665,-0.11491508781909943,0.039628781378269196,-0.040751539170742035,0.047026801854372025,0.060175683349370956,-0.013278521597385406,0.16115187108516693,-0.17292039096355438,1.1876486539840698,-0.3155566453933716,-0.12563063204288483,-0.2203179895877838,-0.10685135424137115,-0.26504313945770264,0.19932162761688232,1.277194857597351,0.0902412161231041,-0.2952074110507965,0.32372987270355225
1777019108.7458587,1.701402187347412,SKILL_BEYOND_MIMIC,INVALID,-0.021082010120153427,0.04953564703464508,0.06997265666723251,0.11994025111198425,-0.03638160228729248,-0.04015616327524185,0.011711089871823788,-0.07389526069164276,-0.11225087195634842,0.14200401306152344,-0.1148815006017685,0.039684195071458817,-0.04079171270132065,0.04672027379274368,0.060207825154066086,-0.013314474374055862,0.16092418134212494,-0.1730162650346756,1.188643455505371,-0.3154967129230499,-0.1281113624572754,-0.2203179895877838,-0.10676746070384979,-0.26504313945770264,0.19936956465244293,1.2772067785263062,0.0875926986336708,-0.29519543051719666,0.3237178921699524
1777019108.7655847,1.721128225326538,SKILL_BEYOND_MIMIC,INVALID,-0.021243929862976074,0.051359377801418304,0.06998604536056519,0.12013626098632812,-0.036385782063007355,-0.04014945030212402,0.01142133865505457,-0.07396344095468521,-0.11178215593099594,0.14182505011558533,-0.114881731569767,0.039698150008916855,-0.040577445179224014,0.045467279851436615,0.06072309613227844,-0.013098758645355701,0.16069647669792175,-0.1730162650346756,1.190393090248108,-0.31513717770576477,-0.13494238257408142,-0.22032998502254486,-0.10680341720581055,-0.2648034393787384,0.19971711933612823,1.277194857597351,0.08712531626224518,-0.29514750838279724,0.32372987270355225
1777019108.785797,1.7413406372070312,SKILL_BEYOND_MIMIC,INVALID,-0.021303584799170494,0.051367901265621185,0.07026727497577667,0.12044305354356766,-0.03654462844133377,-0.03989432752132416,0.011864488013088703,-0.07404866069555283,-0.11164823174476624,0.14149267971515656,-0.11523433774709702,0.03937442973256111,-0.04014890268445015,0.04576209932565689,0.06041231378912926,-0.013110741972923279,0.1607084572315216,-0.17292039096355438,1.19136381149292,-0.3151731491088867,-0.13863351941108704,-0.22058165073394775,-0.10704310238361359,-0.2645277976989746,0.20060394704341888,1.277194857597351,0.08492022007703781,-0.29517146944999695,0.32372987270355225
1777019108.8058414,1.7613849639892578,SKILL_BEYOND_MIMIC,INVALID,-0.0212780199944973,0.050711698830127716,0.07044137269258499,0.12011921405792236,-0.036766424775123596,-0.039552029222249985,0.012009364552795887,-0.07404013723134995,-0.11194285750389099,0.1413392871618271,-0.11538289487361908,0.039229683578014374,-0.04028282314538956,0.04601145535707474,0.06015864759683609,-0.013254553079605103,0.16081631183624268,-0.17288443446159363,1.1913518905639648,-0.31561654806137085,-0.13974805176258087,-0.22194784879684448,-0.10706707090139389,-0.26453977823257446,0.20198212563991547,1.2772188186645508,0.0827510729432106,-0.29526734352111816,0.32368195056915283
1777019108.825826,1.7813694477081299,SKILL_BEYOND_MIMIC,INVALID,-0.021235408261418343,0.05044751614332199,0.0708966925740242,0.1195482388138771,-0.03676692023873329,-0.03957908973097801,0.011702568270266056,-0.07398048043251038,-0.11200981587171555,0.14127111434936523,-0.11532993614673615,0.03941743075847626,-0.0435638353228569,0.045283280313014984,0.060491301119327545,-0.013709953986108303,0.16078037023544312,-0.17292039096355438,1.1918312311172485,-0.3155326545238495,-0.1402154415845871,-0.22420088946819305,-0.10693524032831192,-0.2646596431732178,0.20481041073799133,1.277194857597351,0.08498013764619827,-0.29521939158439636,0.3236939311027527
1777019108.8458083,1.80135178565979,SKILL_BEYOND_MIMIC,INVALID,-0.02134619653224945,0.05023445934057236,0.07129845023155212,0.11951414495706558,-0.036649879068136215,-0.039767075330019,0.011855966411530972,-0.07399752736091614,-0.11213034391403198,0.1412370204925537,-0.11523336917161942,0.03957675024867058,-0.04384506493806839,0.04487592726945877,0.060847196727991104,-0.014069480821490288,0.16079235076904297,-0.17290839552879333,1.1927180290222168,-0.31543678045272827,-0.14045512676239014,-0.22611835598945618,-0.10700714588165283,-0.2646596431732178,0.20566128194332123,1.2771828174591064,0.08716127276420593,-0.2943565547466278,0.3236939311027527
1777019108.866528,1.8220715522766113,SKILL_BEYOND_MIMIC,INVALID,-0.021550726145505905,0.05014923959970474,0.07127166539430618,0.1195993646979332,-0.03658299520611763,-0.039874494075775146,0.01275078859180212,-0.0738782212138176,-0.11233121901750565,0.1412029266357422,-0.11516693234443665,0.039471305906772614,-0.043108511716127396,0.044799551367759705,0.06099805608391762,-0.01402154378592968,0.16084028780460358,-0.17292039096355438,1.1937366724014282,-0.31543678045272827,-0.14043115079402924,-0.22910243272781372,-0.1068393662571907,-0.2646596431732178,0.20590096712112427,1.277194857597351,0.08689761906862259,-0.2941408157348633,0.3236939311027527
1777019108.8864522,1.8419957160949707,SKILL_BEYOND_MIMIC,INVALID,-0.0219427440315485,0.05056682229042053,0.07058868557214737,0.12017034739255905,-0.03656996041536331,-0.0398675762116909,0.01281044352799654,-0.07386117428541183,-0.11259905993938446,0.1414245069026947,-0.11494802683591843,0.03927336260676384,-0.04336295649409294,0.044581782072782516,0.061110954731702805,-0.013638048432767391,0.16086424887180328,-0.17295633256435394,1.194120168685913,-0.31541281938552856,-0.14045512676239014,-0.23239809274673462,-0.10671952366828918,-0.26479145884513855,0.2058410495519638,1.2772067785263062,0.0863223746418953,-0.29415279626846313,0.3237418532371521
1777019108.9066186,1.8621621131896973,SKILL_BEYOND_MIMIC,INVALID,-0.022564858198165894,0.05183661729097366,0.07014674693346024,0.1209288164973259,-0.036574140191078186,-0.039860863238573074,0.011745178140699863,-0.0737844780087471,-0.1126258447766304,0.14150972664356232,-0.11483028531074524,0.039195213466882706,-0.04355044290423393,0.044281717389822006,0.061240099370479584,-0.013638048432767391,0.16084028780460358,-0.17295633256435394,1.194048285484314,-0.31543678045272827,-0.1405390053987503,-0.23541812598705292,-0.10674349218606949,-0.26486337184906006,0.20578113198280334,1.2772188186645508,0.08619055151939392,-0.29420074820518494,0.3237418532371521
1777019108.926645,1.8821885585784912,SKILL_BEYOND_MIMIC,INVALID,-0.022692689672112465,0.05189627408981323,0.07033423334360123,0.12077541649341583,-0.03659135475754738,-0.03986106812953949,0.011813354678452015,-0.0737418681383133,-0.11285350471735,0.1413818895816803,-0.1149272620677948,0.03932194784283638,-0.043416526168584824,0.04462052881717682,0.06098451092839241,-0.013889716938138008,0.16076837480068207,-0.17293237149715424,1.1940362453460693,-0.3154008388519287,-0.1411382257938385,-0.23720377683639526,-0.10680341720581055,-0.2648513913154602,0.20612867176532745,1.2772067785263062,0.08629840612411499,-0.29442843794822693,0.32375383377075195
1777019108.9466178,1.9021613597869873,SKILL_BEYOND_MIMIC,INVALID,-0.022633034735918045,0.05164913088083267,0.07050833106040955,0.12051975727081299,-0.03661643713712692,-0.03982078284025192,0.011753699742257595,-0.07368221133947372,-0.11310794949531555,0.14127111434936523,-0.11492795497179031,0.03936382010579109,-0.04334956780076027,0.04643584042787552,0.05962615832686424,-0.014033528044819832,0.1607324331998825,-0.17292039096355438,1.1940962076187134,-0.315233051776886,-0.1417614072561264,-0.23757527768611908,-0.1067914292216301,-0.2648513913154602,0.2070874124765396,1.2772067785263062,0.08620253205299377,-0.29450035095214844,0.32370591163635254
1777019108.9666867,1.9222302436828613,SKILL_BEYOND_MIMIC,INVALID,-0.0229057427495718,0.051845140755176544,0.07042797654867172,0.12053680419921875,-0.036661673337221146,-0.03970634192228317,0.01070548128336668,-0.07357994467020035,-0.11345613747835159,0.14118587970733643,-0.1149398609995842,0.03930116444826126,-0.04369775578379631,0.04295550659298897,0.06099829077720642,-0.014045512303709984,0.16074441373348236,-0.17298030853271484,1.194120168685913,-0.31529298424720764,-0.14174941182136536,-0.23756329715251923,-0.10677944868803024,-0.26483938097953796,0.20717130601406097,1.2772067785263062,0.08548347651958466,-0.2945123314857483,0.3237178921699524
1777019108.9870124,1.9425559043884277,SKILL_BEYOND_MIMIC,INVALID,-0.022871654480695724,0.0515894815325737,0.070253886282444,0.12025556713342667,-0.03664395958185196,-0.03967908024787903,0.011515081860125065,-0.07362255454063416,-0.11357666552066803,0.14118587970733643,-0.11509820073843002,0.03922630101442337,-0.043443311005830765,0.04315595701336861,0.06109961122274399,-0.014153369702398777,0.16079235076904297,-0.17295633256435394,1.194120168685913,-0.31529298424720764,-0.14172545075416565,-0.23749138414859772,-0.10686333477497101,-0.2648753523826599,0.20697955787181854,1.2772188186645508,0.08548347651958466,-0.29452431201934814,0.32370591163635254
1777019109.007618,1.9631614685058594,SKILL_BEYOND_MIMIC,INVALID,-0.02273530140519142,0.05082248896360397,0.07044137269258499,0.11956527829170227,-0.03656503185629845,-0.03983369842171669,0.014105805195868015,-0.07379299402236938,-0.11334900557994843,0.14130519330501556,-0.11516956984996796,0.03910854458808899,-0.042599618434906006,0.04305025562644005,0.061204634606838226,-0.014105432666838169,0.16075639426708221,-0.17289641499519348,1.1941322088241577,-0.31531694531440735,-0.14161759614944458,-0.23749138414859772,-0.10685135424137115,-0.26488733291625977,0.20684772729873657,1.2772188186645508,0.08561530709266663,-0.2945123314857483,0.323669970035553
1777019109.0279875,1.9835309982299805,SKILL_BEYOND_MIMIC,INVALID,-0.022590424865484238,0.050583869218826294,0.07040119916200638,0.11955675482749939,-0.0363466739654541,-0.04012869670987129,0.016526084393262863,-0.07357142120599747,-0.11337579041719437,0.14129666984081268,-0.11281304061412811,0.03556901216506958,-0.042586229741573334,0.0429084412753582,0.061867788434028625,-0.01402154378592968,0.16075639426708221,-0.17292039096355438,1.1941561698913574,-0.3150532841682434,-0.14137791097164154,-0.23752734065055847,-0.10689929127693176,-0.2648513913154602,0.20684772729873657,1.277194857597351,0.0851479172706604,-0.29442843794822693,0.3236459791660309
1777019109.0471861,2.002729654312134,SKILL_BEYOND_MIMIC,INVALID,-0.022496681660413742,0.05020037293434143,0.07046815752983093,0.11974424123764038,-0.036397580057382584,-0.0400887206196785,0.01723342016339302,-0.07284704595804214,-0.11403199285268784,0.14117737114429474,-0.1126406192779541,0.035254236310720444,-0.042599618434906006,0.042801909148693085,0.062047120183706284,-0.01390170119702816,0.16075639426708221,-0.17293237149715424,1.1944197416305542,-0.31526902318000793,-0.14110226929187775,-0.23755131661891937,-0.10669555515050888,-0.2647794783115387,0.20691964030265808,1.2772188186645508,0.08468053489923477,-0.2942366898059845,0.32365795969963074
1777019109.067482,2.0230255126953125,SKILL_BEYOND_MIMIC,INVALID,-0.021976832300424576,0.050115153193473816,0.07042797654867172,0.11974424123764038,-0.036456845700740814,-0.04003531485795975,0.018332771956920624,-0.07173916697502136,-0.1154247522354126,0.14066603779792786,-0.1132565289735794,0.03617852181196213,-0.0424657016992569,0.04352878779172897,0.06180908903479576,-0.01390170119702816,0.16075639426708221,-0.17295633256435394,1.1958818435668945,-0.31552067399024963,-0.14101837575435638,-0.2376471906900406,-0.10664761811494827,-0.26479145884513855,0.20691964030265808,1.27729070186615,0.08493220061063766,-0.29415279626846313,0.323669970035553
1777019109.0877066,2.04325008392334,SKILL_BEYOND_MIMIC,INVALID,-0.021320629864931107,0.04997027665376663,0.07046815752983093,0.11969310790300369,-0.03658618405461311,-0.03981366381049156,0.019687790423631668,-0.07219083607196808,-0.11692464351654053,0.14040185511112213,-0.11325150728225708,0.03612973913550377,-0.042613010853528976,0.04310785233974457,0.062061991542577744,-0.013925669714808464,0.16081631183624268,-0.17293237149715424,1.197176218032837,-0.3154487907886505,-0.14105433225631714,-0.23825837671756744,-0.10665960609912872,-0.26479145884513855,0.20689566433429718,1.2773267030715942,0.08400941640138626,-0.29415279626846313,0.32365795969963074
1777019109.1079986,2.063542127609253,SKILL_BEYOND_MIMIC,INVALID,-0.020604770630598068,0.04971460998058319,0.0705752894282341,0.11970163136720657,-0.03650502488017082,-0.0398465171456337,0.02077861875295639,-0.0729578286409378,-0.11817009001970291,0.14057229459285736,-0.11284958571195602,0.03542311117053032,-0.04253266006708145,0.042356688529253006,0.06248149275779724,-0.013853764161467552,0.16080433130264282,-0.17265672981739044,1.1973918676376343,-0.31529298424720764,-0.1411861628293991,-0.239912211894989,-0.10667158663272858,-0.26476749777793884,0.20623652637004852,1.2773146629333496,0.08237956464290619,-0.2938891649246216,0.323669970035553
1777019109.1278896,2.083433151245117,SKILL_BEYOND_MIMIC,INVALID,-0.020468417555093765,0.049672000110149384,0.07029405981302261,0.12022148072719574,-0.035575542598962784,-0.04125578701496124,0.02138369157910347,-0.07336689531803131,-0.11989764124155045,0.1405041217803955,-0.11255484819412231,0.03498197719454765,-0.04266658052802086,0.04252064600586891,0.06250494718551636,-0.013889716938138008,0.1609121859073639,-0.17265672981739044,1.197403907775879,-0.31543678045272827,-0.1413419544696808,-0.24224913120269775,-0.10700714588165283,-0.26471954584121704,0.20612867176532745,1.2773146629333496,0.08388957381248474,-0.29394906759262085,0.3236939311027527
1777019109.1480312,2.103574752807617,SKILL_BEYOND_MIMIC,INVALID,-0.020459895953536034,0.049748703837394714,0.06987891346216202,0.12070724368095398,-0.03402814641594887,-0.04369928315281868,0.02161378785967827,-0.07460259646177292,-0.12134397029876709,0.14040185511112213,-0.11229073256254196,0.03457590192556381,-0.04273353889584541,0.042765386402606964,0.06265148520469666,-0.013925669714808464,0.16104401648044586,-0.17272864282131195,1.1977394819259644,-0.3154967129230499,-0.1413419544696808,-0.24492160975933075,-0.1073906421661377,-0.26469558477401733,0.20597288012504578,1.2772067785263062,0.08566324412822723,-0.29422470927238464,0.3236939311027527
1777019109.1685894,2.1241328716278076,SKILL_BEYOND_MIMIC,INVALID,-0.01952246204018593,0.04960382729768753,0.07009318470954895,0.12055384367704391,-0.03357541188597679,-0.04412000626325607,0.021647874265909195,-0.07550594210624695,-0.12190642952919006,0.140410378575325,-0.11219947040081024,0.034512460231781006,-0.04255944490432739,0.04243377968668938,0.06294797360897064,-0.013745906762778759,0.1612597405910492,-0.17268070578575134,1.197859287261963,-0.3154247999191284,-0.1413419544696808,-0.24649155139923096,-0.10755842179059982,-0.2647075653076172,0.20585303008556366,1.277194857597351,0.08560331910848618,-0.29422470927238464,0.3236939311027527
1777019109.1888115,2.144355058670044,SKILL_BEYOND_MIMIC,INVALID,-0.018491286784410477,0.04954417049884796,0.07018692791461945,0.12043453752994537,-0.03346279636025429,-0.044314805418252945,0.02186945080757141,-0.07449181377887726,-0.12217426300048828,0.14012914896011353,-0.11214219778776169,0.03442146256566048,-0.04203715920448303,0.04190795496106148,0.06325893104076385,-0.01324256882071495,0.1615833044052124,-0.17268070578575134,1.1980270147323608,-0.31529298424720764,-0.14131797850131989,-0.2480015605688095,-0.10735469311475754,-0.2646836042404175,0.20578113198280334,1.2773746252059937,0.0845247432589531,-0.29409289360046387,0.323669970035553
1777019109.2085743,2.1641178131103516,SKILL_BEYOND_MIMIC,INVALID,-0.017562376335263252,0.04959530383348465,0.06998604536056519,0.12047714740037918,-0.03358845040202141,-0.04412692412734032,0.02150300145149231,-0.07366516441106796,-0.12262959033250809,0.13952407240867615,-0.11217661201953888,0.03442175313830376,-0.042117513716220856,0.041449569165706635,0.06354489177465439,-0.012978916056454182,0.1618589460849762,-0.1727166473865509,1.198901891708374,-0.31524503231048584,-0.14127004146575928,-0.24985910952091217,-0.10735469311475754,-0.26456376910209656,0.20580509305000305,1.2785849571228027,0.08314655721187592,-0.29404494166374207,0.3236939311027527
1777019109.2289283,2.184471845626831,SKILL_BEYOND_MIMIC,INVALID,-0.016360757872462273,0.04923737049102783,0.0700262188911438,0.12064758688211441,-0.0335090272128582,-0.04425448551774025,0.02133255824446678,-0.07413388043642044,-0.12272333353757858,0.1389957070350647,-0.11364191770553589,0.03664131835103035,-0.04255944490432739,0.04102342203259468,0.06360705941915512,-0.012775183655321598,0.16206267476081848,-0.17272864282131195,1.1998246908187866,-0.3153049647808075,-0.1411621868610382,-0.2518484890460968,-0.10731873661279678,-0.26449185609817505,0.20580509305000305,1.278848648071289,0.0827510729432106,-0.2935416102409363,0.3236939311027527
1777019109.2487504,2.204293966293335,SKILL_BEYOND_MIMIC,INVALID,-0.01490347646176815,0.04899023473262787,0.07010657340288162,0.12065611034631729,-0.03342960402369499,-0.04438204690814018,0.022380776703357697,-0.07311975210905075,-0.12270993739366531,0.13901275396347046,-0.1141761988401413,0.03757186606526375,-0.04249248653650284,0.040557824075222015,0.06386958062648773,-0.012667326256632805,0.16205069422721863,-0.1726926863193512,1.2003639936447144,-0.31536489725112915,-0.14103035628795624,-0.2545928955078125,-0.10737866163253784,-0.26453977823257446,0.20555342733860016,1.2783812284469604,0.08314655721187592,-0.29332590103149414,0.323669970035553
1777019109.2692764,2.2248198986053467,SKILL_BEYOND_MIMIC,INVALID,-0.013838212005794048,0.049092501401901245,0.06998604536056519,0.12034079432487488,-0.033718034625053406,-0.04391879960894585,0.02680375427007675,-0.07297487556934357,-0.12287064641714096,0.1390809267759323,-0.11475882679224014,0.03852459043264389,-0.04257283732295036,0.039995841681957245,0.06409243494272232,-0.013098758645355701,0.16203871369361877,-0.1726687103509903,1.2028566598892212,-0.3153049647808075,-0.14100639522075653,-0.2573372721672058,-0.10725881904363632,-0.26453977823257446,0.20543359220027924,1.2784051895141602,0.08420116454362869,-0.29327794909477234,0.3236220180988312
1777019109.2893574,2.244900941848755,SKILL_BEYOND_MIMIC,INVALID,-0.011895169503986835,0.04910101741552353,0.06987891346216202,0.12022148072719574,-0.033985067158937454,-0.043462060391902924,0.029036547988653183,-0.07330723851919174,-0.12293760478496552,0.1393195390701294,-0.11376898735761642,0.037087999284267426,-0.042921025305986404,0.0399148091673851,0.06471560895442963,-0.013170663267374039,0.16206267476081848,-0.1726926863193512,1.2044864892959595,-0.31529298424720764,-0.14069479703903198,-0.2576129138469696,-0.10717492550611496,-0.26451581716537476,0.20545755326747894,1.2784771919250488,0.08434497565031052,-0.2932659685611725,0.32355010509490967
1777019109.309182,2.26472544670105,SKILL_BEYOND_MIMIC,INVALID,-0.010395277291536331,0.04899023473262787,0.06991908699274063,0.12028113752603531,-0.035172972828149796,-0.0415959469974041,0.027954239398241043,-0.07414240390062332,-0.12281707674264908,0.13934510946273804,-0.11368005722761154,0.03689229115843773,-0.04316208139061928,0.039764177054166794,0.06555813550949097,-0.012990900315344334,0.1621585488319397,-0.1727406233549118,1.2046183347702026,-0.31536489725112915,-0.14046710729599,-0.25757694244384766,-0.10710301995277405,-0.2645277976989746,0.20527780055999756,1.2784532308578491,0.08333830535411835,-0.2930862009525299,0.3235381245613098
1777019109.3290572,2.2846007347106934,SKILL_BEYOND_MIMIC,INVALID,-0.009679419919848442,0.04888796806335449,0.07001283019781113,0.1202385276556015,-0.03509772941470146,-0.0417167954146862,0.027800843119621277,-0.07353733479976654,-0.12288403511047363,0.1393621563911438,-0.11369726806879044,0.03689243644475937,-0.04332278296351433,0.03938896954059601,0.06576237827539444,-0.013038837350904942,0.16214656829833984,-0.17272864282131195,1.2045824527740479,-0.3153289258480072,-0.14038321375846863,-0.25748106837272644,-0.10701913386583328,-0.26456376910209656,0.2048463672399521,1.2784651517868042,0.08312258869409561,-0.2928944528102875,0.3235381245613098
1777019109.3493366,2.304880142211914,SKILL_BEYOND_MIMIC,INVALID,-0.009389667771756649,0.048794224858284,0.07010657340288162,0.12028966099023819,-0.035039208829402924,-0.041810788214206696,0.027783799916505814,-0.07312827557325363,-0.12285725027322769,0.1393621563911438,-0.11356194317340851,0.03675899654626846,-0.04334956780076027,0.039395976811647415,0.0658038780093193,-0.013158679008483887,0.16213458776474,-0.1727406233549118,1.2045464515686035,-0.31508925557136536,-0.14005963504314423,-0.2574211657047272,-0.10707905143499374,-0.26453977823257446,0.20483437180519104,1.2784532308578491,0.08347012847661972,-0.2928585112094879,0.32352614402770996
1777019109.369484,2.3250274658203125,SKILL_BEYOND_MIMIC,INVALID,-0.009287402033805847,0.048836834728717804,0.07003961503505707,0.120332270860672,-0.03501412644982338,-0.041851069778203964,0.02781788632273674,-0.07296635210514069,-0.12287064641714096,0.13932806253433228,-0.11340376734733582,0.03653485327959061,-0.043255824595689774,0.03959078714251518,0.06572471559047699,-0.013098758645355701,0.16212259232997894,-0.1727645844221115,1.2045464515686035,-0.31511321663856506,-0.13932859897613525,-0.2571934461593628,-0.10699516534805298,-0.2645517587661743,0.2048703283071518,1.2785370349884033,0.08342219144105911,-0.2928585112094879,0.32352614402770996
1777019109.3902392,2.34578275680542,SKILL_BEYOND_MIMIC,INVALID,-0.009295924566686153,0.04882831126451492,0.06987891346216202,0.12082654982805252,-0.03442472591996193,-0.04279770702123642,0.027860496193170547,-0.07308565825223923,-0.12287064641714096,0.1396348625421524,-0.1135365441441536,0.03678663447499275,-0.043121904134750366,0.040261611342430115,0.06577210873365402,-0.012918994762003422,0.16212259232997894,-0.1727645844221115,1.2045584917068481,-0.31529298424720764,-0.13886122405529022,-0.2571694850921631,-0.10698317736387253,-0.2645517587661743,0.2048463672399521,1.2785370349884033,0.08434497565031052,-0.29282256960868835,0.3235141634941101
1777019109.4102287,2.365772247314453,SKILL_BEYOND_MIMIC,INVALID,-0.009423756040632725,0.0489305779337883,0.0697048157453537,0.12155945599079132,-0.03392286226153374,-0.04358982667326927,0.027903109788894653,-0.07386969774961472,-0.12285725027322769,0.14033366739749908,-0.11411342769861221,0.0376896969974041,-0.042787104845047,0.04094381257891655,0.06614335626363754,-0.012883041985332966,0.16213458776474,-0.1727166473865509,1.2044864892959595,-0.3153049647808075,-0.13882526755332947,-0.2571694850921631,-0.10701913386583328,-0.2645997107028961,0.20477445423603058,1.2783453464508057,0.08492022007703781,-0.2926428020000458,0.3235141634941101
1777019109.4298892,2.385432720184326,SKILL_BEYOND_MIMIC,INVALID,-0.00949193350970745,0.04899875819683075,0.06959768384695053,0.12171285599470139,-0.03387319669127464,-0.04369745030999184,0.02793719619512558,-0.07386969774961472,-0.12293760478496552,0.1405126452445984,-0.1143813207745552,0.038060981780290604,-0.04234517365694046,0.04088127985596657,0.0664042979478836,-0.012883041985332966,0.16213458776474,-0.17272864282131195,1.2044625282287598,-0.31529298424720764,-0.13884922862052917,-0.257289320230484,-0.10705508291721344,-0.2645757496356964,0.20469056069850922,1.2784172296524048,0.08436894416809082,-0.29257088899612427,0.3234902024269104
1777019109.44995,2.4054934978485107,SKILL_BEYOND_MIMIC,INVALID,-0.009423756040632725,0.049015797674655914,0.06959768384695053,0.12153388559818268,-0.03496396541595459,-0.0419316329061985,0.027920152992010117,-0.0731879249215126,-0.1230849102139473,0.14052115380764008,-0.11498165875673294,0.038959801197052,-0.042264822870492935,0.04114207625389099,0.06642993539571762,-0.012871057726442814,0.16209863126277924,-0.17272864282131195,1.2044864892959595,-0.31529298424720764,-0.13884922862052917,-0.25748106837272644,-0.1071150079369545,-0.2644798755645752,0.20470255613327026,1.2784771919250488,0.08439291268587112,-0.29254692792892456,0.32350218296051025
1777019109.4699893,2.425532817840576,SKILL_BEYOND_MIMIC,INVALID,-0.009398190304636955,0.048905014991760254,0.06957089900970459,0.12126970291137695,-0.03488503769040108,-0.04208625480532646,0.028022419661283493,-0.07297487556934357,-0.12324561923742294,0.14054672420024872,-0.11511614173650742,0.0392683781683445,-0.042599618434906006,0.042208731174468994,0.06642458587884903,-0.012871057726442814,0.16209863126277924,-0.17268070578575134,1.2044864892959595,-0.3153049647808075,-0.13883724808692932,-0.2574930489063263,-0.10704310238361359,-0.2645277976989746,0.20475049316883087,1.2783572673797607,0.08561530709266663,-0.29217541217803955,0.3235141634941101
1777019109.4900978,2.445641279220581,SKILL_BEYOND_MIMIC,INVALID,-0.009381145238876343,0.04887092113494873,0.06957089900970459,0.12123561650514603,-0.034880612045526505,-0.042079441249370575,0.028039462864398956,-0.07323905825614929,-0.1233125776052475,0.14057229459285736,-0.11507254838943481,0.03923995420336723,-0.042586229741573334,0.043152906000614166,0.06729616224765778,-0.012859073467552662,0.16213458776474,-0.17268070578575134,1.2044625282287598,-0.3153289258480072,-0.1387893110513687,-0.2573971748352051,-0.10704310238361359,-0.2645757496356964,0.20471453666687012,1.2783693075180054,0.08551943302154541,-0.2915162742137909,0.3234902024269104
1777019109.5104194,2.4659628868103027,SKILL_BEYOND_MIMIC,INVALID,-0.009287402033805847,0.048845358192920685,0.06994587182998657,0.12123561650514603,-0.03452923148870468,-0.04262986034154892,0.028133206069469452,-0.07329019159078598,-0.12329918146133423,0.14063194394111633,-0.11383293569087982,0.037339191883802414,-0.04238535091280937,0.04325966164469719,0.06773271411657333,-0.012871057726442814,0.16213458776474,-0.17272864282131195,1.2044625282287598,-0.31526902318000793,-0.1387413740158081,-0.2574091851711273,-0.1071150079369545,-0.26461169123649597,0.204594686627388,1.2784532308578491,0.08386560529470444,-0.29113277792930603,0.32350218296051025
1777019109.5306892,2.4862327575683594,SKILL_BEYOND_MIMIC,INVALID,-0.009304446168243885,0.04888796806335449,0.07006639987230301,0.12130378931760788,-0.033224526792764664,-0.044697489589452744,0.02812468260526657,-0.07308565825223923,-0.12324561923742294,0.14070013165473938,-0.1125599667429924,0.03561560437083244,-0.042787104845047,0.04410373419523239,0.06820806115865707,-0.012883041985332966,0.16213458776474,-0.1727645844221115,1.2044864892959595,-0.31526902318000793,-0.13872939348220825,-0.2573971748352051,-0.10712698847055435,-0.2645757496356964,0.20453476905822754,1.2784292697906494,0.08409330993890762,-0.2908691167831421,0.3235141634941101
1777019109.550364,2.5059075355529785,SKILL_BEYOND_MIMIC,INVALID,-0.009253313764929771,0.04874309152364731,0.07006639987230301,0.1213378757238388,-0.03265996277332306,-0.04559031501412392,0.02816729247570038,-0.07288965582847595,-0.12324561923742294,0.14067456126213074,-0.11247750371694565,0.035566169768571854,-0.042907632887363434,0.04442921280860901,0.06840197741985321,-0.012859073467552662,0.16212259232997894,-0.1727645844221115,1.204498529434204,-0.3152090907096863,-0.13872939348220825,-0.2574091851711273,-0.10706707090139389,-0.26451581716537476,0.20455874502658844,1.2784651517868042,0.08405735343694687,-0.29040175676345825,0.32355010509490967
1777019109.5705757,2.5261192321777344,SKILL_BEYOND_MIMIC,INVALID,-0.00881868600845337,0.048112452030181885,0.06991908699274063,0.12128674983978271,-0.03275929391384125,-0.04537506774067879,0.02816729247570038,-0.07273625582456589,-0.12337953597307205,0.140597864985466,-0.11266692727804184,0.03586715832352638,-0.0426933616399765,0.044614821672439575,0.06845666468143463,-0.012859073467552662,0.16213458776474,-0.1726447492837906,1.20443856716156,-0.3152570426464081,-0.13845375180244446,-0.2574091851711273,-0.10705508291721344,-0.2644558846950531,0.204594686627388,1.2784532308578491,0.08264321833848953,-0.28938308358192444,0.32350218296051025
1777019109.5906398,2.5461833477020264,SKILL_BEYOND_MIMIC,INVALID,-0.008622677065432072,0.0480613186955452,0.06994587182998657,0.121295265853405,-0.03270445391535759,-0.045435287058353424,0.028201382607221603,-0.0724124163389206,-0.12332596629858017,0.1406916081905365,-0.11232931911945343,0.03572504222393036,-0.04272014647722244,0.04485538974404335,0.06828314065933228,-0.012883041985332966,0.16207465529441833,-0.17260879278182983,1.2044026851654053,-0.31524503231048584,-0.13813017308712006,-0.2574091851711273,-0.10701913386583328,-0.26449185609817505,0.20458270609378815,1.2784532308578491,0.08270313590765,-0.28873592615127563,0.3235141634941101
1777019109.6107635,2.5663070678710938,SKILL_BEYOND_MIMIC,INVALID,-0.008588588796555996,0.048299938440322876,0.06987891346216202,0.12121004611253738,-0.0325101837515831,-0.045635886490345,0.02842295914888382,-0.07227606326341629,-0.12333936244249344,0.14109213650226593,-0.1117863729596138,0.03507987782359123,-0.042787104845047,0.04505113139748573,0.06812029331922531,-0.013050821609795094,0.16209863126277924,-0.17260879278182983,1.204426646232605,-0.31526902318000793,-0.13771073520183563,-0.2572174370288849,-0.10706707090139389,-0.2645277976989746,0.20422318577766418,1.2784051895141602,0.08290687203407288,-0.2887239456176758,0.3235141634941101
1777019109.6312838,2.586827278137207,SKILL_BEYOND_MIMIC,INVALID,-0.00894651748239994,0.04876013845205307,0.06981195509433746,0.12137196958065033,-0.032472312450408936,-0.04568277671933174,0.02853374555706978,-0.07220788300037384,-0.12332596629858017,0.14106658101081848,-0.11164981871843338,0.03486288711428642,-0.042961202561855316,0.04466329514980316,0.0681501179933548,-0.013134710490703583,0.1621106117963791,-0.1727406233549118,1.2041869163513184,-0.3154487907886505,-0.13725532591342926,-0.2570376694202423,-0.1070910394191742,-0.26458773016929626,0.2036719024181366,1.2784172296524048,0.08270313590765,-0.28873592615127563,0.3235141634941101
1777019109.6512363,2.6067798137664795,SKILL_BEYOND_MIMIC,INVALID,-0.009023216553032398,0.048794224858284,0.06985212862491608,0.12165319919586182,-0.03238870948553085,-0.0458170510828495,0.028584878891706467,-0.0721823200583458,-0.12335275113582611,0.1410580575466156,-0.11154491454362869,0.034750595688819885,-0.04300137609243393,0.044303908944129944,0.06829003244638443,-0.013158679008483887,0.16213458776474,-0.17283649742603302,1.2037315368652344,-0.3154967129230499,-0.13674001395702362,-0.2569657564163208,-0.10717492550611496,-0.2646596431732178,0.20340825617313385,1.2784172296524048,0.08248741924762726,-0.2887718975543976,0.3235381245613098
1777019109.6713316,2.626875162124634,SKILL_BEYOND_MIMIC,INVALID,-0.00858006626367569,0.04862378537654877,0.06995926052331924,0.12204521149396896,-0.0322842076420784,-0.045984894037246704,0.028516702353954315,-0.07203744351863861,-0.12351345270872116,0.1411006599664688,-0.11150567978620529,0.0347154475748539,-0.04281388968229294,0.044125355780124664,0.06826750934123993,-0.01312272623181343,0.16213458776474,-0.17288443446159363,1.20369553565979,-0.3154967129230499,-0.13641643524169922,-0.2569417953491211,-0.10710301995277405,-0.2647075653076172,0.20291690528392792,1.2784172296524048,0.0827510729432106,-0.2887718975543976,0.3235381245613098
1777019109.6909244,2.646467924118042,SKILL_BEYOND_MIMIC,INVALID,-0.0074125370010733604,0.04853004217147827,0.06999944150447845,0.12234348803758621,-0.031991809606552124,-0.046231675893068314,0.028320692479610443,-0.07203744351863861,-0.12358041107654572,0.14116884768009186,-0.11140601336956024,0.03466586023569107,-0.04265318810939789,0.044260554015636444,0.0681803822517395,-0.012871057726442814,0.16209863126277924,-0.17287245392799377,1.203623652458191,-0.31543678045272827,-0.13588912785053253,-0.2568698823451996,-0.10697119683027267,-0.26469558477401733,0.20105934143066406,1.2784051895141602,0.08255932480096817,-0.28880783915519714,0.3235381245613098
1777019109.7110064,2.6665499210357666,SKILL_BEYOND_MIMIC,INVALID,-0.005955255124717951,0.048351071774959564,0.07005300372838974,0.12222418189048767,-0.03172271326184273,-0.046438053250312805,0.02817581593990326,-0.0721823200583458,-0.12350006401538849,0.14127111434936523,-0.11116821318864822,0.03487272188067436,-0.04281388968229294,0.045353639870882034,0.06776043027639389,-0.012559467926621437,0.16207465529441833,-0.17286045849323273,1.2031322717666626,-0.3154008388519287,-0.13491840660572052,-0.2567979693412781,-0.10704310238361359,-0.2648274004459381,0.1980752795934677,1.2784051895141602,0.08115717023611069,-0.28927522897720337,0.32352614402770996
1777019109.731091,2.6866345405578613,SKILL_BEYOND_MIMIC,INVALID,-0.006159786134958267,0.04828289896249771,0.0700262188911438,0.12243723124265671,-0.03172791749238968,-0.04648545756936073,0.028261035680770874,-0.07224196940660477,-0.1235402375459671,0.14137336611747742,-0.11092409491539001,0.03523269668221474,-0.042787104845047,0.04527955874800682,0.06772565841674805,-0.012583436444401741,0.16206267476081848,-0.17298030853271484,1.2030484676361084,-0.3155566453933716,-0.13406752049922943,-0.25635457038879395,-0.10706707090139389,-0.2655584514141083,0.19777566194534302,1.2784051895141602,0.07894009351730347,-0.28957483172416687,0.3234662115573883
1777019109.7511718,2.7067153453826904,SKILL_BEYOND_MIMIC,INVALID,-0.0063302284106612206,0.048180632293224335,0.07009318470954895,0.12261619418859482,-0.031801506876945496,-0.04647959768772125,0.02871270850300789,-0.07228458672761917,-0.12356702238321304,0.14150120317935944,-0.11087916046380997,0.035392455756664276,-0.042586229741573334,0.04610579088330269,0.06719344109296799,-0.012667326256632805,0.16212259232997894,-0.17298030853271484,1.2030603885650635,-0.3161318898200989,-0.13363610208034515,-0.25580328702926636,-0.10700714588165283,-0.2660018503665924,0.19781161844730377,1.2784172296524048,0.0746137872338295,-0.2895868122577667,0.3233224153518677
1777019109.7715247,2.7270681858062744,SKILL_BEYOND_MIMIC,INVALID,-0.0058274236507713795,0.04783974587917328,0.07022710144519806,0.12264176458120346,-0.03171725943684578,-0.046377114951610565,0.029309257864952087,-0.07234423607587814,-0.12355362623929977,0.14178243279457092,-0.1109546646475792,0.035553235560655594,-0.04190324246883392,0.04790051281452179,0.06613514572381973,-0.012655341997742653,0.16226640343666077,-0.17293237149715424,1.2030364274978638,-0.31611987948417664,-0.1326533854007721,-0.2555396258831024,-0.10693524032831192,-0.26601386070251465,0.1977517008781433,1.2784172296524048,0.07152185589075089,-0.28962278366088867,0.3229628801345825
1777019109.7912922,2.746835708618164,SKILL_BEYOND_MIMIC,INVALID,-0.005324618425220251,0.047754526138305664,0.07026727497577667,0.12310195714235306,-0.030209261924028397,-0.044045645743608475,0.029368910938501358,-0.07225901633501053,-0.12350006401538849,0.1420636624097824,-0.11087241768836975,0.035517722368240356,-0.04166218638420105,0.04613007232546806,0.06704012304544449,-0.011960256844758987,0.16226640343666077,-0.1729443520307541,1.2013107538223267,-0.3157963156700134,-0.13019661605358124,-0.25555160641670227,-0.10704310238361359,-0.26598986983299255,0.1973322480916977,1.2786809206008911,0.06085589528083801,-0.2902699112892151,0.3228190839290619
1777019109.8117387,2.767282247543335,SKILL_BEYOND_MIMIC,INVALID,-0.005495061166584492,0.04766930639743805,0.07018692791461945,0.12430357187986374,-0.028671033680438995,-0.04172057285904884,0.02920699119567871,-0.0721823200583458,-0.12352684885263443,0.14208070933818817,-0.11054934561252594,0.03577912971377373,-0.04167557880282402,0.04485611245036125,0.0676225870847702,-0.01091762911528349,0.16231434047222137,-0.17295633256435394,1.196516990661621,-0.31573641300201416,-0.12390490621328354,-0.2555156648159027,-0.10731873661279678,-0.26594194769859314,0.19664914906024933,1.2789684534072876,0.046906258910894394,-0.2910369038581848,0.3227112293243408
1777019109.8318136,2.7873570919036865,SKILL_BEYOND_MIMIC,INVALID,-0.005605848506093025,0.047933489084243774,0.0701601430773735,0.12507057189941406,-0.029193848371505737,-0.04233565554022789,0.0292581245303154,-0.07219083607196808,-0.12364736944437027,0.1422085464000702,-0.10994914174079895,0.03652258217334747,-0.042452309280633926,0.044864196330308914,0.06757155060768127,-0.011073424480855465,0.16227839887142181,-0.17373532056808472,1.190980315208435,-0.31623974442481995,-0.11567173898220062,-0.25453296303749084,-0.10731873661279678,-0.26598986983299255,0.1968289166688919,1.2789205312728882,0.03815777227282524,-0.2910369038581848,0.3226992189884186
1777019109.8518174,2.807360887527466,SKILL_BEYOND_MIMIC,INVALID,-0.005691069643944502,0.047950536012649536,0.07013335824012756,0.12526658177375793,-0.0297845546156168,-0.0428704172372818,0.02926664799451828,-0.07213971018791199,-0.12396878004074097,0.1422511488199234,-0.10951147228479385,0.03719843924045563,-0.04171575605869293,0.04559255391359329,0.06712071597576141,-0.011732556857168674,0.16206267476081848,-0.17434650659561157,1.188128113746643,-0.31761792302131653,-0.11266370117664337,-0.25188446044921875,-0.10724683105945587,-0.26589399576187134,0.1970566213130951,1.2788606882095337,0.03555719554424286,-0.2909889817237854,0.3226872384548187
1777019109.872384,2.827927589416504,SKILL_BEYOND_MIMIC,INVALID,-0.0052649639546871185,0.04701310396194458,0.06965124607086182,0.1236814633011818,-0.02945772185921669,-0.04183164983987808,0.028976894915103912,-0.07159429043531418,-0.12407591193914413,0.1422511488199234,-0.10943284630775452,0.037412937730550766,-0.04171575605869293,0.04578056186437607,0.06698127090930939,-0.011864382773637772,0.16196680068969727,-0.17425063252449036,1.1856592893600464,-0.320949524641037,-0.11003915965557098,-0.24796560406684875,-0.10722286254167557,-0.26581010222435,0.19658923149108887,1.2788846492767334,0.035892754793167114,-0.2909649908542633,0.32253146171569824
1777019109.892294,2.847837448120117,SKILL_BEYOND_MIMIC,INVALID,-0.004225265700370073,0.04672335088253021,0.06974498927593231,0.12256506085395813,-0.029878927394747734,-0.04092378169298172,0.028883151710033417,-0.07196073979139328,-0.1241830512881279,0.14222557842731476,-0.10923314839601517,0.03788311034440994,-0.04164879396557808,0.046157822012901306,0.06661837548017502,-0.01191231980919838,0.16205069422721863,-0.1742865890264511,1.1831905841827393,-0.3245448172092438,-0.1061682477593422,-0.24389097094535828,-0.10724683105945587,-0.2659299671649933,0.19656525552272797,1.2788606882095337,0.035533227026462555,-0.2909649908542633,0.3216206431388855
1777019109.9123762,2.867919683456421,SKILL_BEYOND_MIMIC,INVALID,-0.004327530972659588,0.0472346767783165,0.07032084465026855,0.1235877200961113,-0.031495872884988785,-0.038556184619665146,0.028985418379306793,-0.07271068543195724,-0.12415626645088196,0.14231932163238525,-0.10893497616052628,0.03838687390089035,-0.04136756435036659,0.0459018349647522,0.06682034581899643,-0.012020178139209747,0.16202671825885773,-0.17471802234649658,1.1806379556655884,-0.3294583261013031,-0.0980549305677414,-0.23862989246845245,-0.10723485052585602,-0.26663702726364136,0.19681693613529205,1.2788846492767334,0.034993939101696014,-0.29037776589393616,0.3193915784358978
1777019109.9324853,2.888028860092163,SKILL_BEYOND_MIMIC,INVALID,-0.004634327255189419,0.0476011261343956,0.07049494236707687,0.124226875603199,-0.03176916390657425,-0.0383295863866806,0.0290280282497406,-0.07368221133947372,-0.12407591193914413,0.14301814138889313,-0.10897645354270935,0.03857497498393059,-0.041555050760507584,0.04444059357047081,0.06808274239301682,-0.011420967057347298,0.16205069422721863,-0.1747899204492569,1.177390217781067,-0.33334121108055115,-0.08989367634057999,-0.23533423244953156,-0.10715095698833466,-0.266780823469162,0.1967809796333313,1.2788726091384888,0.0358208492398262,-0.2902939021587372,0.31571242213249207
1777019109.9525437,2.9080872535705566,SKILL_BEYOND_MIMIC,INVALID,-0.005887078121304512,0.04778861254453659,0.07036101818084717,0.12423539906740189,-0.032114267349243164,-0.037887319922447205,0.02895985171198845,-0.07416796684265137,-0.12398216873407364,0.1434868574142456,-0.11042124032974243,0.040704336017370224,-0.042412132024765015,0.044812846928834915,0.06871447712182999,-0.010821755044162273,0.16213458776474,-0.17437048256397247,1.1739747524261475,-0.3331734538078308,-0.08712531626224518,-0.2352743148803711,-0.10717492550611496,-0.26684075593948364,0.19692479074001312,1.2788606882095337,0.03574894368648529,-0.29030588269233704,0.31172168254852295
1777019109.972969,2.9285125732421875,SKILL_BEYOND_MIMIC,INVALID,-0.009040260687470436,0.04778008908033371,0.07072260230779648,0.12429505586624146,-0.033051397651433945,-0.03666074573993683,0.028141729533672333,-0.07419353723526001,-0.12382146716117859,0.14313745498657227,-0.11181814968585968,0.04266680032014847,-0.045291390269994736,0.04727506637573242,0.0701608657836914,-0.011013503186404705,0.16207465529441833,-0.1744423806667328,1.1686058044433594,-0.3342520296573639,-0.08263123035430908,-0.23516644537448883,-0.10723485052585602,-0.2670804560184479,0.19791947305202484,1.2790523767471313,0.03135073184967041,-0.29030588269233704,0.30328479409217834
1777019109.9932826,2.9488260746002197,SKILL_BEYOND_MIMIC,INVALID,-0.010139613412320614,0.052262723445892334,0.07152611762285233,0.12432914227247238,-0.03390634432435036,-0.03517619147896767,0.026036765426397324,-0.07767055928707123,-0.12339292466640472,0.1443561166524887,-0.11201674491167068,0.04311497136950493,-0.048492055386304855,0.051680076867341995,0.07292034476995468,-0.011948272585868835,0.16206267476081848,-0.1739869862794876,1.1588746309280396,-0.3341801166534424,-0.07504522055387497,-0.23442342877388,-0.10718691349029541,-0.2679313123226166,0.19909393787384033,1.2782374620437622,0.023153522983193398,-0.29019802808761597,0.29503965377807617
